smiles,bradley
CC1CCC1,-162.0
[O-][N+]#N,-90.8
FS(F)(=O)=O,-136.0
CC(C)N(CCC(C(N)=O)(C1=CC=CC=C1)C1=CC=CC=N1)C(C)C,94.8
CCN1C=C(C(O)=O)C(=O)C2=CC(F)=C(N3CCNC(C)C3)C(F)=C12,240.0
CN(C)C,-117.0
ClC(Cl)(Cl)Cl,-23.0
C#C,-80.8
CC(Cl)Cl,-97.0
CC(CO)(CO)[N+]([O-])=O,150.0
ClC1=CC=CS1,-72.0
CCCOC(=O)CC,-76.0
CC(=C)OC(C)=O,-93.0
CCCOC=O,-93.0
CC1=C(C=C(C=C1[N+]([O-])=O)[N+]([O-])=O)[N+]([O-])=O,80.0
CCC1=CC(CC)=CC=C1,-84.0
CC(C)=CCCC(C)=O,-67.0
CCC(C)(C)C(C)C,-101.0
CCCC(C)(C)CC,-126.0
CCCCC(C)(C)C,-121.0
CC(=C)C(C)(C)C,-110.0
CCC(CC)C(C)C,-115.0
CCCCSCC,-95.0
CCC1=CC=C(C)C(C)=C1,-67.0
CCC(C)(CC)CC,-91.0
CC(C)CC(C)C(C)C,-128.0
CC(C)CCCC(C)C,-103.0
CC1=C(C)CCCC1,-84.0
CCCC1CCCCC1,-95.0
ClC(Cl)=C(Cl)C(Cl)(Cl)Cl,-73.0
CCC1=CC(CC)=CC(C)=C1,-74.0
CC(C)CC(C)=C,-124.0
CCCC(C)=C(C)C,-115.0
CC(C)C(C)(C)C(C)C,-102.0
CCC1=CCCCC1,-110.0
ClCC1CC1,-91.0
CCC1CCCC1C,-106.0
CC(C)C1CC1,-113.0
CC#CCC(C)C,-93.0
CCC1CCC1,-143.0
CCCC=CC,-141.0
COCCOC(C)=O,-65.0
CCC1=CC=CN=C1,-77.0
C1CCSC1,-96.0
ClCBr,-88.0
CC1CO1,-112.0
CC(=C)C=C,-146.0
CCC(C)OC(C)=O,-99.0
CCCCCCC(=O)OCC,-66.0
CCCC#N,-112.0
CCSCC,-104.0
CCSC,-106.0
CCCCC#C,-132.0
CCCCC#CCC,-104.0
CCC1=CN=C(C)C=C1,-71.0
CCC1=CC=CC=C1Br,-68.0
OC(=O)CCC(=O)C1=CC=C(C=C1)C1=CC=CC=C1,186.0
CCC1=CC=CC=C1,-95.0
CCCCCl,-123.0
C1CC=CC1,-135.0
CCCCC1=CC=CC=C1,-88.0
COCCO,-85.0
CC1=CC(=O)CC(C)(C)C1,-8.05
BrCCBr,9.95
CCCCCCCCCCCCCCC=C,4.05
CCCCCCCCCCCCCCC,9.95
CC(C)OC(=O)\C=C\C(=O)OC(C)C,2.05
CCC1=CC=CC=N1,-63.0
ClCCCBr,-59.0
COC(=O)C(Cl)Cl,-52.0
CC(C1=CC=CC=C1)C1=CC=CC=C1,-17.9
CCC1=CC=C(C)C=C1C,-63.0
CCC(CC)(CC)CC,-33.0
ClC1=CC=CC=C1C=C,-63.0
CCCCCCCCCS,-20.1
CCCCCCCCC(C)C,-49.0
ClS(Cl)(=O)=O,-54.0
NCC1=CN=CC=C1,-21.1
COC(=O)CCl,-32.0
CC(=O)OCCC1=CC=CC=C1,-31.1
CC(C)C1=CC(=CC=C1)C(C)C,-63.0
CC1=CC=CN=C1,-18.1
CCCCCCCCCCCCCCCC,18.1
C1CC[C@H]2CCCC[C@H]2C1,-43.0
COC(=O)CC(=O)OC,-62.0
CCC1=CC=C2C=CC=CC2=C1,-7.4
CC1CC1,-177.0
[O-][N+](=O)C1=CC(=CC=C1)S(Cl)(=O)=O,60.9
CCC1=CC=C(CC)C=C1,-42.9
CC(F)(F)Cl,-131.0
O=C=S,-139.0
CC1CC=CC1,-161.0
CCC1(C)CCCC1,-144.0
CCC1CC1,-149.0
CCC1(C)CC1,-130.0
CC1CC1(C)C,-138.0
CC=CC=C,-141.0
CNC1=NC2=CC=C(Cl)C=C2C(C2=CC=CC=C2)=[N+]([O-])C1,236.0
CCS,-148.0
CC=C,-185.0
ClC1=C(Cl)C(Cl)=C(C(Cl)=C1Cl)C1=C(Cl)C(Cl)=C(Cl)C(Cl)=C1Cl,306.0
CN1CCN(C)C1=O,8.1
CCCCCCCCCCCCCCCCCCBr,28.1
CC1=CC=CC(I)=C1,-27.1
O=CN1CCCCC1,-30.9
CCC1=C(C)C=CC=C1C,-16.1
CC1=CC=CC(C)=C1I,11.1
CCC(C)(C)C(C)(C)C,-9.9
OCC(F)F,-28.1
[O-][N+](=O)C([N+]([O-])=O)([N+]([O-])=O)[N+]([O-])=O,13.9
CC1=CC(N)=CC(C)=C1,9.9
CC1=C(F)C(F)=C(F)C(F)=C1F,-29.9
CC1=CC=CC=C1C,-25.1
CC(=C)C1=CC=CC=C1,-23.1
CCC1=CC=CC=C1CC,-31.1
CCCCCCCCCCCCCCCCCC,28.1
C1COCCO1,11.9
OC(=O)C(F)(F)F,-15.1
N#CCC1=CC=CC=C1,-23.9
CC1=CC=C(Cl)C(Cl)=C1,-15.1
ClC1=CC(Cl)=CC=C1,-24.9
OCC1=CC=CC=C1,-15.1
C1C=CC2=CC=CC=C12,-1.9
OC1=CC=CC(=C1)C(F)(F)F,-1.9
CN(C)C(=O)N(C)C,-1.1
CC(Br)C(C)(Br)Br,1.9
CC1=CC=CC=C1C1=CC=CC=C1,-0.1
CC(C)(C)C1=CC=CC=C1O,-6.9
OCCC1=CC=CC=N1,-7.9
CCCCCCCCCCCC(=O)OC,5.1
CC1=CC=C(C)C(C)=C1C,-6.1
ICCCCI,5.9
CCC(=O)C1=CC=C(C)C=C1,7.1
CC(C)(C)C1=CC=CC(=N1)C(C)(C)C,2.1
CC#CCO,-2.1
C1COCCN1,-4.9
CCC1=CC=C(N)C=C1,-4.9
CCN,-81.1
CCOC(=O)C(C)C,-88.1
CCCC(=O)OCCC(C)C,-73.1
CC(C)COC(C)=O,-98.9
FC1=CC=C(C=C1)C1=CC=CC=C1,74.1
C#CC1=CC=CC=C1,-44.9
CCCCC(=O)OCC,-91.1
CCCCCOC(=O)CCC,-73.1
CCC(C)C(C)(C)C,-112.0
CCCC(C)(C)C,-124.0
CCCCC(C)C,-118.0
CC(C)(Cl)Cl,-33.9
CCCCSC,-97.9
C1C=CCC=C1,-49.1
CC1(C)CCCC1,-69.9
CCC(Br)CC,-126.0
CCCCCCCCC#N,-34.1
CCCCCCC(Cl)=O,-83.9
CC(C)(C)C1CCCCC1,-41.1
CCCCCCC(C)CC,-84.9
CCCCC(C)=C,-103.0
CCCC(C)(C)C(C)C,-117.0
CCC(C)C(C)(C)CC,-101.0
CC(=C)C#N,-35.9
CC1=CC=C(C(F)=C1)[N+]([O-])=O,53.1
CCC(S)CC,-111.0
CC(C)CC1CCCC1,-115.0
CCCCCCC(C)=C,-77.9
CCC(C)CC(O)CC,-91.1
CC=C(C)C(C)C,-124.0
COC(C)OC,-113.0
[O-][N+](=O)C1=CC=CC=C1C1=CC=CC=C1,37.1
CNC,-92.1
CCCCCCCCCl,-57.9
CCCCCCCCS,-49.1
CC(C)(C)C=C,-115.0
ClCC(Cl)(Cl)Cl,-70.1
CCCCCCCI,-48.1
CC(C)CCO,-117.0
COC(=O)C1=CC=C(I)C=C1,115.0
N#CC=CC#N,96.9
NCC=C,-88.1
ClCC1CO1,-57.1
SCCS,-41.1
CC1=CC(Br)=CC=C1,-39.9
CCCNC(=O)NS(=O)(=O)C1=CC=C(Cl)C=C1,128.0
CC1=CC(C)=C(C)C=C1,-43.9
BrCCCBr,-34.1
CCCCC#N,-96.1
CCOC(=O)C=C,-71.1
CC(C)(C)I,-38.1
CC(C)(C)C#C,-78.1
COCOC,-105.0
CC1=CC(Cl)=CC=C1,-47.9
CCCCCCCC,-56.9
C1CCCC1,-93.9
ClC(Cl)C(Cl)(Cl)Cl,-28.9
C1=CC=C2N=CC=CC2=C1,-14.9
CCC(C)C,-160.0
[O-][N+](=O)C1=CC(=CC(=C1Cl)[N+]([O-])=O)C#N,141.0
OC(=O)CCCC(=O)C1=CC=CC=C1,127.0
NC1=CC=CC=C1,-6.15
N#CC(C1=CC=CC=C1)C1=CC=CC=C1,74.2
CC(F)(F)F,-111.0
CC(C)C1=CC(C)=CC=C1,-63.9
CCCCCCCCCCCCCCCCCCCCCCCCCCCCCCCC,69.8
COC(=O)C(C)C,-84.8
CCCCC(O)CCC,-40.9
CC1(C)CCCCC1,-33.1
CC(C)(C)C(C)(C)C,101.0
CC(C)C=C(C)C,-128.0
CCCCCC(=O)OCCC,-68.8
CCCCCC#N,-80.2
CCCCCSCCCCC,-51.1
CCC1=CC(C)=CC(C)=C1,-84.2
CCCC1=CC=CC=C1C,-60.1
CCC1CCCCC1,-111.0
CCC1=CC(C)=CC=C1C,-53.9
CCCC1CCCC1,-117.0
CCCCC(C)CCC,-113.0
CC(C)CCC(C)(C)C,-106.0
CCC(C)=C(C)C,-118.0
CCCCC(C)CCCC,-87.8
CCC(CC)C(C)(C)C,-99.2
FC1=CC=C(C=C1)C(F)(F)F,-41.9
CC(C)C#C,-89.8
C=CCC1CCCC1,-111.0
ClC(=O)C1=CC(=CC(=C1)C(Cl)=O)C(Cl)=O,36.1
CC(C)C(C(C)C)C(C)C,-81.8
CC(C(C)(C)C)C(C)(C)C,-38.9
CCC#CC(C)C,-117.0
CCC(C)C=CC,-126.0
CC=CCC(C)C,-124.0
CCC1=CC=CC=C1Cl,-82.8
CCC(C)O,-115.0
CCCS,-113.0
CC(C)=CC(C)(C)C,-106.0
CCOC(=O)CC(C)C,-99.2
CCCCCS,-75.8
CCCCCCBr,-84.8
CC#CC,-32.1
CCCCSCCCC,-79.8
CCC1=CC=C(C)C=C1,-62.1
CCC#CC,-109.0
CCCCCCC(C)C,-80.2
ClC=C(Cl)Cl,-84.8
CC(=O)OCC1=CC=CC=C1,-51.1
ICC=C,-99.2
CCOCC,-116.0
CC1=CC(C)=CC(C)=C1,-44.9
CCCCS,-116.0
CCCCCCC=O,-43.1
CC(C)CC(C)(C)C,-107.0
CCCI,-101.0
CCCCCCCCC=C,-66.2
CCCCCC,-95.2
ClC(Cl)(Cl)Br,-5.85
CCCCCCCCCCCCCCCC(C)C,5.85
COCC(O)=O,7.85
CCCCCCCCCCCCC,-5.15
CC(=O)OO,-0.05
CCCCCCCCCCC1CCCCC1,-1.85
ClC1=CC=CC=C1I,0.85
CCCCCCCCCCCCCl,-9.15
CC1=CC(C)=C(C)C(C)=C1,-23.9
BrC1=CN=CC=C1,-27.1
CCCCCCCCCCCl,-31.1
CCCCCCCCCCCCCC(=O)OCC,12.2
BrCC(Br)Br,-29.1
[O-][N+](=O)C1=C(F)C=CC(F)=C1,-11.8
ClC(Cl)=C(Cl)Cl,-22.1
CC(C)C1=CC=C(Cl)C=C1,-12.2
CC(C)OC(=O)CC(C)=O,-27.1
BrC1=CC(I)=CC=C1,-9.15
IC1=CC=CC=C1,-31.1
CCCCCCCCCCI,-16.1
N#CC1=CC=CC=C1,-12.8
CCCCCCCCCC,-29.9
O=C1NS(=O)(=O)C2=CC=CC=C12,229.0
CS(=O)(=O)C1=CC=C(C=C1)C(O)C(CO)NC(=O)C(Cl)Cl,165.0
CCCl,-139.0
CC1=CC=CC=C1S(N)(=O)=O,156.0
CC1=CC=NC(N)=N1,160.0
C[C@H]1CC[C@@H](C)C1,-134.0
CCC(C)C(C)=C,-134.0
CCC(C)(C)C=C,-134.0
NC(=O)C1=CC(Br)=CC=C1,155.0
C[C@H]1[C@H]2CC3=CC=C(O)C=C3[C@]1(C)CCN2CC=C(C)C,146.0
S1C2=CC=CC=C2SC2=CC=CC=C12,159.0
CC(C)C(C)=C,-157.0
C=CCCC=C,-141.0
CCCC(C)=C,-136.0
CCCC(C)C,-154.0
CC=C(C)C,-134.0
ClC1=CC=C(C=C1)C1=CC=C(Cl)C=C1,149.0
CCCCC,-130.0
CCN(CC)CC,-115.0
OC=O,8.16
CCCCC(O)=O,-33.8
CCC=C,-185.0
C=C,-169.0
CC1=NN=C(N)S1,225.0
CCC(C)(O)CC,-23.8
CCOP(=O)(OCC)OCC,-56.2
N1C=CC=C1,-23.4
C1CC2=CC=CC=C2C1,-51.2
CC1CCC(=O)CC1,-40.8
CCCCCC(C)(C)O,-50.2
CC1=CC=C(C)S1,-62.8
CCCC1=CC=C(C)C=C1,-63.8
CCCCS(=O)CCCC,32.8
CCCCCCCCCCl,-39.2
CCCCCCC(C)O,-31.8
CC1CCCC1(C)C,-21.8
CCCCCCOC=O,-62.8
CC(C)C(C)(C)C(C)(C)C,-36.2
CCOC(=O)CC1=CC=CC=C1,-29.2
CC1=CC=CS1,-63.2
CCC1=CC=C(Cl)C=C1,-62.8
OCC(O)CO,18.0
CCCCOC1=CC=CC=C1,-19.2
CC1=CC=CC(=C1)C(C)(C)C,-41.2
CC(Br)CCCBr,-34.2
C1=CC=NC=C1,-41.8
BrC1=CC=CC=C1,-30.8
CC1=CC=CC(C)=C1C,-25.2
CCCCCCCCCCC,-25.8
CC(O)=O,16.8
FC1=C(F)C(F)=C(C#N)C(F)=C1F,2.2
ClCC1=C(Cl)C=C(Cl)C=C1,-2.8
CC(C)(O)C#C,2.8
CC(C)C1=CC(=CC(=C1)C(C)C)C(C)C,-7.2
CC(C)(C)CCC(C)(C)C,-12.8
CCCCC(=O)C1=CC=CC=C1,-9.2
CC1=CC=CC=C1CC1=CC=CC=C1,6.8
NCC1=CC=NC=C1,-7.8
OCCOCCO,-10.2
CCCCCCCCCCC1=CC=CC=C1,-14.2
NC1=CC(Cl)=CC=C1,-10.2
CCCCCCCCCCCC,-9.8
CN,-93.2
FC(F)(F)F,-184.0
CC(C)CCCl,-104.0
CC(C)OC(C)=O,-73.2
CC(C)=C,-140.0
FC1=C(F)C(F)=C(C(F)=C1F)C(F)(F)F,-65.8
CCOC(Cl)=O,-80.8
CC(C)C(C)=C(C)C,-113.0
CC(C)=C=C,-114.0
CCC(CC)CC,-119.0
CCCSSCCC,-85.8
CCCCCCCCCCCCCCCCCCC(O)=O,69.2
NC(=O)C(Cl)Cl,99.2
CC(C)(C)CC=C,-137.0
CCCCCCCC(C)C,-74.8
CCC(C(C)C)C(C)C,-122.0
CCC1CCCC1,-138.0
CC(C)C1=CC=CC=C1Cl,-74.2
CCCCCC(C)CC,-108.0
CC(C)C1CCCC1,-111.0
CC1CCC(C)(C)C1,-142.0
CC1(C)CCC=CC1,-74.2
CCC(C)(C)CC(C)C,-113.0
CC=CC=C,-87.2
FC(Br)(Br)Br,-73.8
CC1=C(C)CCC1,-90.2
FC1(F)OC2=CC=CC(=C2O1)C1=CNC=C1C#N,199.0
CCC(Br)=C,-133.0
CC(C)CC#C,-105.0
CCC=CC(C)C,-142.0
C=CCNCC=C,-88.2
CCC,-188.0
CCCCBr,-112.0
C1CCC1,-90.8
CCCCCCCCCCCCCCCCCCCC(O)=O,75.2
CCCCCI,-85.8
CCCC=C(C)C,-130.0
CCCC#CC,-89.8
CCCC=CCC,-137.0
CN1CCN(CC1)C1=NC2=CC(Cl)=CC=C2NC2=CC=CC=C12,184.0
CCC(Br)CBr,-65.2
BrCC=C,-119.0
CCOC(C)=O,-83.8
COC(C)(C)C,-109.0
CCBr,-119.0
CCO,-114.0
CCC(O)=O,-20.9
CCC=CC,-151.0
C1CC1,-127.0
CCCCCCC,-90.8
CC1=CC=C(CC2=CC=CC=C2)C=C1,4.79
C1CCOC1,-108.0
CCCCCCC=C,-102.0
CC1=CCCCC1,-120.0
CCCCC=C,-140.0
COC(=O)C(C)=C,-47.8
C1=CC=C2C=NC=CC2=C1,26.2
CO,-97.8
CC(Br)CBr,-55.2
OC1=CC(O)=CC(O)=C1,218.0
NCC(O)C1=CC=CC=C1,56.8
OC(=O)C1=CC=CC=N1,137.0
NCCCCNCCCN,23.8
NC1=CC=NC=C1,159.0
COC1=CC(CC(O)=O)=CC=C1O,143.0
CC(=O)NCCCCCC(O)=O,104.0
CCCCCC1=CC2=C(C(O)=C1)C1=C(C=CC(C)=C1)C(C)(C)O2,76.8
CNC(=O)OC1=CC=CC2=C1OC(C)(C)C2,151.0
CC12CCC(CC1)C(C)(C)O2,1.25
CNC(=O)CSP(=S)(OC)OC,51.8
OC(=O)CC1=CC=C(C=C1)C1=CC=CC=C1,161.0
COP(=S)(OC)OC1=CC=C(SC)C(C)=C1,7.25
CC(C)C1=CC=C(C)C2=CC=C(C)C2=C1,31.8
OCC1=CNC2=CC=CC=C12,97.8
OC(=O)CCC1=CNC2=CC=CC=C12,134.0
COP(=S)(OC)OC1=CC=C(C=C1)[N+]([O-])=O,35.8
CC(=O)NBr,104.0
COC1=CC=C(CC2=NC=CC3=C2C=C(OC)C(OC)=C3)C=C1OC,147.0
O=C1C(C(=O)C2=CC=CC=C12)C1=CC=CC=C1,150.0
CC(C)(C)C1=CC=C(C=C1)C(O)CCCN1CCC(CC1)C(O)(C1=CC=CC=C1)C1=CC=CC=C1,147.0
NS(=O)(=O)CC1=NOC2=C1C=CC=C2,162.0
CC1=CC=C(C=C1)N(CC1=NCCN1)C1=CC(O)=CC=C1,175.0
CCC1(C(=O)NC(=O)NC1=O)C1=CCCCC1,173.0
CC1=CC(C)=NN1,107.0
ClC(Cl)C(C1=CC=C(Cl)C=C1)C1=CC=C(Cl)C=C1,109.0
CC[N+]([O-])=O,-89.2
CC(C)(O)C1CCC(C)(O)CC1,158.0
CC1=C(N)C2=C(C=C1)C(=O)C1=CC=CC=C1C2=O,205.0
CC1=CC=CC(C(O)=O)=C1O,165.0
ClC1=C(Cl)C(=O)C(C#N)=C(C#N)C1=O,215.0
OC1=CC=CC=C1C(=O)NC1=CC=CC=C1,137.0
COC1=C(Cl)C=C(Cl)C=C1Cl,61.2
CC(=O)C1=CC=CS1,10.2
OC1=C(C=C(C=C1[N+]([O-])=O)[N+]([O-])=O)[N+]([O-])=O,122.0
NC1=NC(=NC(N)=N1)C1=CC=CC=C1,227.0
CC1=CC=C2OC(=O)C=CC2=C1,76.2
O=C(OC(=O)C1=CC=CC=C1)C1=CC=CC=C1,42.2
CCC(C)=NO,-29.8
NC1=CC=CC(=C1)C(F)(F)F,5.75
ClC(=O)C1=CC(=CC=C1)C(Cl)=O,43.8
OCC1=CN=CC=C1,-6.75
ClC1=CC=CC=C1NC1=NC(Cl)=NC(Cl)=N1,160.0
C=CC#N,-83.8
CC(C)(C)NC(=O)C=C,129.0
CC(C)CC(=O)CC(C)C,-41.8
BrC1CCCCC1,-56.8
OC1=CN=CC=C1,127.0
ClC1=CC=CC=N1,-46.2
CC(C)CCOC=O,-93.2
CCSSCC,-102.0
ClCCOCCOCCCl,-31.8
CC(=O)NNC1=CC=CC=C1,130.0
CC1=CC(=CC(Br)=C1O)C1(OS(=O)(=O)C2=CC=CC=C12)C1=CC(C)=C(O)C(Br)=C1,241.0
C1=CC2=CC=C(N=C2C=C1)C1=NC2=CC=CC=C2C=C1,195.0
OC1=CC=C(Cl)C=C1CC1=CC=CC=C1,48.2
CCC1=CC(O)=CC=C1C([O-])=O,116.0
[O-][N+](=O)C1=C(Cl)C=CC(=C1)C(F)(F)F,-2.75
CCOC1=CC(C=O)=CC=C1O,77.2
[O-][N+](=O)N1CN(CN(C1)[N+]([O-])=O)[N+]([O-])=O,205.0
OC1=CC(O)=C(C=C1)C(=O)C1=CC=C(O)C=C1O,201.0
OC(=O)C1=C2C=CC=CC2=NC(=C1)C1=CC=CC=C1,215.0
OC(=O)CCI,81.8
ClCCCCl,-99.8
CC(C)C(O)C(C)(C)CO,51.8
C1=CC=C2C=NN=CC2=C1,90.8
O1C2=CC=CC=C2OC2=CC=CC=C12,122.0
[O-][N+](=O)C1=CC(=CC=C1F)S(=O)(=O)C1=CC(=C(F)C=C1)[N+]([O-])=O,194.0
FC(F)(F)C1=CC(Cl)=C(Cl)C=C1,-12.2
NC(=O)C1=CN=C(N)C=C1,247.0
CON(C)C(=O)NC1=CC=C(Cl)C(Cl)=C1,93.2
CC(=O)NC1=CC=CC(=C1)C(F)(F)F,105.0
OC(=O)C(F)(F)C(F)(F)C(F)(F)F,-17.8
OC(=O)C1=CC(=CC=C1)C(F)(F)F,105.0
CC1=CC=C(C=C1)S(F)(=O)=O,41.2
CCOCOCC,-66.2
OC(=O)C1=CC=NC2=CC=CC=C12,254.0
O=C1NC(=O)C2=NC=CN=C2N1,348.0
O=CC1=CNC2=CC=CC=C12,197.0
OC(=O)C1=COC=C1,122.0
C1CC2=CC=CC=C2NC2=CC=CC=C12,107.0
O=C1OCC=C1,4.25
NC1=CC=CC=N1,57.8
CC(C)C1=CC=CC=C1C,-71.8
[O-][N+](=O)C1=CC=CC=C1[N+]([O-])=O,118.0
C(SCC1=CC=CC=C1)C1=CC=CC=C1,49.2
CCCCCCCCCCCCCC(=O)CCCCCCCCCCCCC,77.8
C1C=CC=CC=C1,-79.8
O=C1C=CC2=CC=CC3=C2C1=CC=C3,154.0
CC(C)C=C,-168.0
COC1=CC=C(C(O)=O)C(OC)=C1OC,101.0
BrC1=CC2=CC=CC=C2C2=C1C=CC=C2,64.2
BrCCN1C(=O)C2=CC=CC=C2C1=O,82.2
CCCC(=O)CC,-55.2
CC(C)(C)N=C=S,10.2
CC1CCC=CC1,-115.0
CCCCOC=O,-91.8
CCCCCCCCCCCCCCCCCCCCCCCCCCC,59.2
CCC(O)(CC)CC,-12.8
COC(=O)C(Cl)(Cl)Cl,-17.8
[O-][N+](=O)C1=CC=C2CCC3=CC=CC1=C23,103.0
CC(=O)OC1=CC=CC=C1[N+]([O-])=O,40.2
CCOC(=O)C1=CC=CO1,34.2
CC1=CC(=O)OC1=O,7.75
CC(=O)N[C@@H](CS)C(O)=O,110.0
CCC1=CC=C(C=C1)C(O)=O,113.0
CN(C)C1=CC=C(C=C1)C(O)=O,243.0
OC(COC1=CC=CC=C1)COC1=CC=CC=C1,81.8
CC1=CC=C(C=C1)N=C=S,25.2
CCOC1=CC=C(O)C=C1,66.2
CCCCOC,-115.0
CCCOCC,-127.0
CCCCCCCCl,-69.8
CCCCCCCCCCCCCCCCCCCCCCCCCCCCCCCCCCCC,76.2
CC[Si](CC)(CC)CC,-82.2
CC(=O)OC1=CC=CC=C1OC(C)=O,64.2
CC1=CC(C)=C(C)C(O)=C1,93.8
[O-][N+](=O)C1=CC=C(O1)C=O,35.8
CC1=CC(C)=C(C)C(C)=C1C,54.2
C1CC2=CC=CC=C2C2=CC=CC=C12,34.2
O=P(C1=CC=CC=C1)(C1=CC=CC=C1)C1=CC=CC=C1,156.0
OC(=O)C12CC3CC(CC(C3)C1)C2,175.0
CC(=O)OC1=CC=CC2=C1C=CC=C2,44.8
CCCCCC(=O)CCCCC,14.8
CCC1=CC=CC(C)=C1C,-49.8
NNC(=O)C1=CC=CC=C1O,148.0
CC(OC1=CC=CC=C1)C(O)=O,118.0
N1C2=C(C=C1C1=CC=CC=C1)C=CC=C2,190.0
CC(C)(C)CC(O)=O,6.25
CC(C)(C)CC(C)(C)C,-66.8
NC1=CC=C(C=C1)C(=O)C1=CC=CC=C1,123.0
CCCCCCCCCCCCOC(=O)C1=CC(O)=C(O)C(O)=C1,96.8
ClC1C2=CC=CC=C2CCC2=CC=CC=C12,107.0
CC(C)(C)C1=CC(=CC(=C1O)C(C)(C)C)C(O)=O,208.0
CSC(C)C,-102.0
CC1=CC=C(N)N=C1,76.2
CC[Si](Cl)(Cl)CC,-96.8
OCC1=C(Cl)C=C(Cl)C=C1,59.2
CCCCCCCCOC1=CC=C(C(=O)C2=CC=CC=C2)C(O)=C1,48.2
BrC1C2=CC=CC=C2C2=CC=CC=C12,103.0
CC(C)C1=CC=C2C=CC=CC2=C1,14.2
BrC1=CC=CC=C1C=C,-52.8
O=CC1CCCCC1,34.8
CN1C(=O)C(=O)C2=CC=CC=C12,131.0
CC(=O)C1=CC=CC(Br)=C1,7.75
CN(C)C(=O)NC1=CC(=CC=C1)C(F)(F)F,164.0
ClC1=NC(Cl)=C(Cl)C(Cl)=C1Cl,125.0
ClC1=CC(Cl)=C(Cl)N=C1Cl,90.8
CC1=CC=C(O)C(=C1)C(C)(C)C,51.8
ClC1=CC=CC=C1C=C(C#N)C#N,95.2
COC(=O)C1=CC(Cl)=CC=C1Cl,38.8
BrC1=CSC=C1Br,4.75
ClC1=CC=C(Cl)S1,-40.8
CCCCCCCCCCCCCCCCCCC=C,28.8
CCC(C)CC=C,-141.0
CCOC(=O)C(C)(C)C,-89.8
CCC(CC)C=C,-127.0
CCCCCCCCCCCCCCCC=C,11.2
CCCCCCCCCCCCCCCCCCCCCCCCCCCCCCCCCCCCCCCCCCCC,87.8
CC1=CC(N)=CC=C1Cl,83.8
Cl[SiH](Cl)Cl,-127.0
CCOC(=O)C1=CC=C(C=C1)N(C)C,63.8
CN1N=NC2=C1C=CC=C2,64.8
ClC1=CN=C(Cl)C=C1,60.8
COC1=CC(Cl)=CC=C1O,16.8
CCC1=CC(C)=C(C)C=C1C,-13.8
OC(=O)CC1=C(N=C(S1)C1=CC=CC=C1)C1=CC=C(Cl)C=C1,161.0
COC1=CC(CCC(C)=O)=CC=C1O,40.8
C(OC1=CC=CC=C1)C1CO1,3.75
CCCCOC1=CC=C(O)C=C1,65.2
CC1(C)CC(=O)CC(=O)C1,148.0
O=S(=O)(C1=CC=CC=C1)C1=CC=CC=C1,128.0
BrCC(Br)(Br)CBr,10.8
CCC(C)(C)C(=O)O[C@H]1C[C@@H](C)C=C2C=C[C@H](C)[C@H](CC[C@@H]3C[C@@H](O)CC(=O)O3)[C@@H]12,136.0
CC(C)C1(C)N=C(NC1=O)C1=NC=CC=C1C(O)=O,171.0
OC(=O)CCC=C,-22.2
CCCCCCCCCCCCCC(C)=O,39.2
OC1=CC=C(C=C)C=C1,73.2
CC=CC,-105.0
O=C1NC=NC2=CC=CC=C12,218.0
CC(=O)NC12CC3CC(CC(C3)C1)C2,148.0
CN(C)C1=CC=CC2=C1C=CC=C2S(N)(=O)=O,220.0
COCCOC1=C(OC)C=C(CC2=CN=C(N)N=C2N)C=C1OC,154.0
NC1=NC(Cl)=CC(Cl)=N1,220.0
CC1=CC=C(CN)C=C1,12.2
C1=CC=C(C=C1)[Si](C1=CC=CC=C1)(C1=CC=CC=C1)C1=CC=CC=C1,237.0
O=CC1=CC=C(OC2=CC=CC=C2)C=C1,24.8
CC1=CC(C=O)=C(C)N1C1=CC=CC=C1,88.8
CC1=CC=C(C)N1C1=CC=CC=C1,49.8
OC1=C(Cl)C(=O)C(O)=C(Cl)C1=O,283.0
CCCCCCCCCC(Cl)=O,-34.8
ClC1=NN=C(Cl)C=C1,67.8
FC1=C(F)C2=C(C(F)=C1F)C(F)=C(F)C(F)=C2F,87.2
[O-][N+](=O)C1=C(F)C=C(F)C=C1F,3.75
NC(=O)C(F)(F)F,72.8
FC(F)(F)C1=CC=C(C=O)C=C1,1.75
NC1=CC=CC=C1NC1=CC=CC=C1,79.2
ClC1=CC=C(C=C1)C(=O)CBr,96.2
COC(=O)C1=CC=CC=C1OC(C)=O,51.8
C1=CC=C(N=C1)C1=CC=NC=C1,61.2
COC1=CC=C(C=C1)C(=O)C1=CC=CC=C1,61.8
CCOC(=O)C1=CC=CN=C1,8.75
COC(=O)C1=CC=CC(I)=C1,54.2
IC1=CC=C(I)S1,41.2
FC(F)(F)C1=CC(=CC=C1)C(=O)C1=CC=CC=C1,52.2
CCOC(=O)C#CC(=O)OCC,1.75
CCCCCCCCC(Cl)=O,-60.8
NC1=C(C=C(Br)C=C1)[N+]([O-])=O,112.0
OC(=O)CCCCC=C,-6.25
NC(=O)C1=CC=C(F)C=C1,156.0
CCOC(=O)C1=CC2=C(N1)C=CC=C2,124.0
ClC1=CC(CC#N)=CC=C1,11.8
BrC1=CN=CC2=CC=CC=C12,41.2
C1=CC=C(C=C1)C1=NC2=CC=CC=C2N=C1C1=CC=CC=C1,126.0
CC=C1CCCC1,-130.0
FC1=CC=C(C=C1)N1CCNCC1,31.8
CC1=CC(=CC=C1N)C(O)=O,170.0
C[Si]1(O[Si](C)(O[Si](C)(O[Si](C)(O1)C=C)C=C)C=C)C=C,-43.2
CCCC#CCC,-131.0
ClC1=CC(Cl)=NC(Cl)=N1,22.8
COC(=O)CCC(O)=O,57.8
NC1=CC(Cl)=C(O)C=C1,152.0
O=CC1=CC2=CC=CC=C2C2=C1C=CC=C2,102.0
O=C1CCC(CC1)C1=CC=CC=C1,79.8
CCOC1=CC=C(CC(O)=O)C=C1,88.8
CC(=O)C1=CC=C(Br)S1,94.8
CC1=CC(Cl)=NC(Cl)=N1,46.2
CCC1=CC=CC(=C1)C1=CC=CC=C1,-27.8
ON1C(=O)CCC1=O,96.8
CCOC(=O)C(=C)C#N,-22.2
OC(=O)CCOC1=CC=CC=C1,97.8
CSC1=CC=C(C=C1)C(O)=O,195.0
CC1=CC(=CC=C1Cl)[N+]([O-])=O,42.8
NC(=O)C1=C(F)C=CC=C1F,147.0
OC1=CC2=C(C=C1)C1=CC=CC=C1N2,272.0
OC(C(O)=O)C1=CC=C(Br)C=C1,117.0
CCCCCCC(O)CCCC,-3.75
CCC1=CCCC1,-118.0
CCOC1=CC=C(C=C1)C#N,61.8
CC1=C(C=NN1C1=CC=CC=C1)C(O)=O,167.0
COC(=O)C1=CC(Cl)=CC=C1[N+]([O-])=O,48.8
N#CC1=CNC2=CC=CC=C12,180.0
CC1=C2C=CC=CC2=NC1C1=CC=CC=C1,91.2
CC(=CCO)C=CC=C(C)C=CC1=C(C)CCCC1(C)C,63.2
OC(=O)C1=C(F)C=CC(F)=C1F,131.0
COC(=O)C1=CNC2=C1C=CC=C2,151.0
BrC1=CC=C(O1)C=O,83.8
O=C(\C=C\C=C\C1=CC2=C(OCO2)C=C1)N1CCCCC1,131.0
CCCCC=CC,-109.0
N[C@@H](CC1=CC=C(O)C(F)=C1)C(O)=O,261.0
NC(=S)C1=C(Cl)C=CC=C1Cl,151.0
CCCCC[C@H](O)\C=C\[C@H]1[C@H](O)CC(=O)[C@@H]1CCCCCCC(O)=O,116.0
CO[C@H]1[C@@H](C[C@@H]2CN3CCC4=C(NC5=C4C=CC(OC)=C5)[C@H]3C[C@@H]2[C@@H]1C(=O)OC)OC(=O)\C=C\C1=CC(OC)=C(OC)C(OC)=C1,238.0
OC1=CC2=C(C=C1)C=CC(=O)O2,230.0
OC1=CC2=C(C(O)=C1)C(=O)C(O)=C(O2)C1=CC=CC=C1,215.0
C[C@H](CCC(O)=O)[C@H]1CC[C@H]2[C@@H]3C[C@H](O)[C@@H]4C[C@H](O)CC[C@]4(C)[C@H]3CC[C@]12C,198.0
CCCC(C)=CC,-119.0
[O-][N+](=O)C1=CC(\C=C\C(=O)C2=CC=CC=C2)=CC=C1,146.0
OC(=O)CCCCCCCCC=C,24.2
CC(=O)NC1=CC(C)=CC=C1,65.2
OCC(O)C(O)CO,122.0
CC1=CC(O)=CC(O)=C1,107.0
CC1=CC=NC2=C1C=CC=C2,9.75
CC1=CC=C2C=CC=CC2=N1,-1.75
ClC1=CC(Br)=CC=C1,-21.8
OC1=CC=C2C=CC=CC2=C1N=NC1=CC=CC=N1,140.0
COC1=CC(C)=CC=C1O,5.75
FC1=CC=CC=C1C=O,-44.8
C1CC2=CC=CC=C2O1,-21.2
ClC1=CC=C(Cl)C(Cl)=C1Cl,47.2
CCC1=CC=NC=C1,-90.8
CCC1=CC=C(Br)C=C1,-43.2
FC1=CC(F)=C(F)C=C1F,4.25
COC(=O)C1=CC=CN=C1,42.2
FC1=CC(F)=CC(F)=C1,-5.75
CC1=CC=C(Cl)C=C1Cl,-13.2
NC1=C(F)C(F)=CC(F)=C1F,31.2
CC(=O)C1=C(C)C=C(C)C(C)=C1,10.2
FC1=CC=CC=C1I,-41.8
ClC(Cl)C(=O)C1=CC=CC=C1,20.8
ClCC(=O)C1=CC=C(Cl)C=C1,101.0
COC1=CC=CC(=C1)[N+]([O-])=O,38.2
CCOC(=O)C1=CC=C(OC)C(OC)=C1,43.8
OC(=O)CCC(=O)C(O)=O,115.0
OC(=O)CC1=CC(O)=C(O)C=C1,129.0
N1C=CN=C1,90.2
N1C=CC2=CC=CC=C12,52.0
CC1=CC=C2C=C3C(C=CC4=C3C=CC=C4)=C3CCC1=C23,180.0
CN(C)CCC=C1C2=CC=CC=C2CCC2=CC=CC=C12,196.0
CS(=O)(=O)OCCCCOS(C)(=O)=O,116.0
CC1=CC=C(C=C1)C1=CC(=NN1C1=CC=C(C=C1)S(N)(=O)=O)C(F)(F)F,158.0
OC1=NC2=C(O1)C=CC(Cl)=C2,191.0
OCC1=CC(=O)C(O)=CO1,154.0
O=CC1=CC=CC=C1C=O,56.2
CCC1=NC(N)=NC(N)=C1C1=CC=C(Cl)C=C1,233.0
CO[C@H]1[C@@H](C[C@@H]2CN3CCC4=C(NC5=CC(OC)=CC=C45)[C@H]3C[C@@H]2[C@@H]1C(=O)OC)OC(=O)C1=CC(OC)=C(OC)C(OC)=C1,265.0
OC[C@H]1O[C@H](C[C@@H]1O)N1C=C(F)C(=O)NC1=O,150.0
S=C=S,-112.0
CC(C)S,-131.0
C[N+]([O-])=O,-28.8
OC(=O)C(Br)(Br)Br,132.0
O=S1(=O)CC=CC1,64.8
NC(=O)C=C,84.2
ClS(=O)(=O)C1=CC=CC=C1,14.8
CC(C)(C)C1CCC(=O)CC1,48.8
CC(=O)C1=CC=C(Br)C=C1,50.8
CCOC1=CC=CC=C1,-29.8
CCCC(C)Br,-95.8
O=P(OC1=CC=CC=C1)(OC1=CC=CC=C1)OC1=CC=CC=C1,50.2
CC1=CC2=NNN=C2C=C1,81.0
CCCCCCCCCCCCBr,-9.75
NC1=CC(Cl)=C(F)C=C1,45.8
NC1=CC=C(F)C=C1F,-7.75
C[Si]1(C)O[Si](C)(C)O[Si](C)(C)O[Si](C)(C)O1,17.8
BrC1=CC=CC=C1I,9.75
C1=CC=C(C=C1)P(C1=CC=CC=C1)C1=CC=CC=C1,80.2
CC1=CC=CC=C1C=C,-68.8
CC1=NC2=C(N1)C=CC=C2,176.0
CCC1=CC=CC(C)=C1,-95.8
CCCCCCCC(C)O,-35.2
N#CCCCCCCC#N,-3.25
CCCCCCCCCCCCCCCO,45.8
CC1=CC=CC(=C1)C1=CC=CC=C1,4.75
CCC(=C)CC,-132.0
O=S1(=O)CCCO1,31.8
CC1(C)C2CC1C(=C)CC2,-61.2
[O-][N+](=O)C1=CC=C(OC2=CC=C(Cl)C=C2Cl)C=C1,70.2
OC(=O)CC1=CC(=CC=C1)[N+]([O-])=O,119.0
BrC1=CC=CC=C1C#N,55.2
CCCCCC1CCCCC1,-57.8
BrC1=CC=CC(=C1)C#N,39.2
CCOC(=O)N1C=CN(C)C1=S,124.0
CCOC(=O)NCCOC1=CC=C(OC2=CC=CC=C2)C=C1,53.2
NC(=O)C1=CC=C(O)C=C1,161.0
CCOC(=O)C(C(=O)OCC)C1=CC=CC=C1,16.2
FC1=CC=CC=C1C1=CC=CC=C1,73.8
OC1=CC=CC=C1C(F)(F)F,45.8
CC1(CCCCC1)C(O)=O,37.8
BrCCCCCCCCBr,15.8
OC(=O)CCCCCCCBr,38.8
C\C=C\C=C\CO,30.8
CC=CC=CC(O)=O,134.0
Cl[C@H]1[C@H](Cl)[C@@H](Cl)[C@H](Cl)[C@H](Cl)[C@H]1Cl,159.0
Cl[C@H]1[C@H](Cl)[C@@H](Cl)[C@@H](Cl)[C@H](Cl)[C@H]1Cl,113.0
COC1=CC=C(C=C1)C(C)=O,38.2
CNCCO,-4.75
CCOC1=CC=C(C=O)C=C1,13.8
OCC(F)(F)F,-43.8
[O-][N+](=O)C1=C(Cl)C(Cl)=CC=C1,61.8
O=CC1=CC=CC(=C1)C#N,76.8
ClC1C=CC2C1C1(Cl)C(Cl)=C(Cl)C2(Cl)C1(Cl)Cl,95.2
CCCC(C)C1(CC)C(=O)NC(=O)NC1=O,130.0
CCCCNC(=O)NS(=O)(=O)C1=CC=C(C)C=C1,129.0
C[C@]12CC[C@H]3[C@@H](CCC4=CC(=O)CC[C@]34C)[C@@H]1CC[C@@H]2C(=O)CO,142.0
CC(C)C#N,-71.8
CC(=O)CCl,-44.8
CCC1=CC2=C(C=C1)C(=O)C1=CC=CC=C1C2=O,109.0
COC1=CC=CC=C1,-37.2
C1CCC=CC1,-104.0
CCC(=O)OC,-87.8
CCCCCCCCCCCCCC,5.75
OC1=CC=C(C=C1)C#N,112.0
COC1=CC=C(NC(=O)N(C)C)C=C1Cl,127.0
CCCN(CC1CC1)C1=C(C=C(C=C1[N+]([O-])=O)C(F)(F)F)[N+]([O-])=O,32.2
NCCCCN,27.2
COC(=O)CCC(=O)OC,19.2
COC(=O)C1=CC=CC=C1N,24.2
COC1=CC(C=O)=CC=C1O,81.8
CC1=CC(=CC=C1)[N+]([O-])=O,15.8
CS(C)=O,18.2
NC(=O)C1=CC=CN=C1,130.0
CCN1C=C(C(O)=O)C(=O)C2=CC=C(C)N=C12,229.0
CC[C@H](C)C(=O)O[C@H]1C[C@@H](C)C=C2C=C[C@H](C)[C@H](CC[C@@H]3C[C@@H](O)CC(=O)O3)[C@@H]12,175.0
CC=CC=O,-76.2
O=C(C(=O)C1=CC=CC=C1)C1=CC=CC=C1,94.8
[O-][N+](=O)C1=CC=C(Cl)C=C1,83.8
CCCCOC(=O)C1=CC=C(N)C=C1,57.8
CCCCOC(=O)CCC,-91.8
C1CCCCC1,6.73
NC=O,2.27
[H]C([H])([H])C([H])([H])[H],-183.0
O=C(CCNNC(=O)C1=CC=NC=C1)NCC1=CC=CC=C1,151.0
FC(Cl)(Cl)Cl,-111.0
CCCCOC(=O)C=C,-64.3
CC(Cl)=C,-138.0
CC(=C)CCC(C)=C,-75.3
CC(C)C1=CC(C(C)C)=C(C=C1C(C)C)C(C)C,119.0
O1C=CC=C1,-85.3
NC(=O)C1=CC=CC=C1[N+]([O-])=O,176.0
COC1=CC(CC2=CN=C(N)N=C2N)=CC(OC)=C1OC,201.0
CCCCCCCCCCCCCCBr,5.3
CC1OC(C)OC(C)O1,12.3
OC1=CC=CC=C1Br,5.3
CCCCCCC=CCCCCCCCC(O)=O,0.2
O=C1CCO1,-33.7
CC(C)(OOC(C)(C)C1=CC=CC=C1)C1=CC=CC=C1,40.3
NNC1=CC=CC=C1,19.3
OCCF,-26.7
CC(C)(C)C,-16.7
CCCCCCCCCCCCCCCCCCCCCCCCCC,56.7
O=S1(=O)CCCC1,27.3
OCCC#C,-63.3
CN(C)C=O,-60.7
CCCCCCCCCCC(O)=O,28.3
ClC(Cl)Cl,-63.3
OC1CCCCCCCCC1,40.2
CN1C(=O)N(C)C(=O)N(C)C1=O,176.0
CC1=CC=NC=C1,3.33
IC#N,146.0
ClC1=CC=CC=C1Br,-12.7
BrC1=CC2=CC=CC=C2N=C1,13.7
CCOC1=CC=CC=C1C(O)=O,20.4
BrCCCOC1=CC=CC=C1,10.3
CCC(C1=CC=CC=C1)C1=CC=CC=C1,13.7
CCl,-97.3
C1CO1,-111.0
FC(F)(F)C(F)(F)F,-100.0
CC(C)(C)C1=CC=C(O)C(O)=C1,54.6
OC1=C(C=O)C=C(Cl)C=C1,101.0
CC1=CC(Br)=CC=C1O,64.3
CC(C)OC(=O)NC1=CC=CC=C1,87.7
C1CCCCCCCCCCCCCC1,61.6
FC1=CC(F)=C(F)C(F)=C1F,-47.6
C=CC=O,-87.3
BrC1=CC=C(OC2=CC=CC=C2)C=C1,18.4
CCN1C=CC(NS(=O)(=O)C2=CC=C(N)C=C2)=NC1=O,167.0
OC(C1=CC=CC=C1)C1=CC=C(Cl)C=C1,60.4
OC(=O)COC1=CC=C(F)C=C1,105.0
ClC1=CC=C(C=C1)C(C1=CC=CC=C1Cl)C(Cl)(Cl)Cl,74.6
O=C=NC1=CC=C(CC2=CC=C(C=C2)N=C=O)C=C1,37.6
CCCCC(CC)COC(=O)CCCCC(=O)OCC(CC)CCCC,-67.4
CC(C)OC(C)C,-86.4
C1OCOCO1,60.6
CCCC(O)CCC,-41.6
CC1=CC=C(C)O1,-62.4
COC1=CC=CC(O)=C1O,42.4
COC(=O)C(O)(C1=CC=CC=C1)C1=CC=CC=C1,75.4
COC1=CC=C(C=O)C2=C1C=CC=C2,34.4
CC#CC#CC,67.4
CCOC=C,-115.0
OC1=CC=CC=N1,107.0
CCCCCCI,-74.6
CC(Cl)=O,-112.0
CCN(CC)C1=CC=CC=C1,-38.4
ClC1=CC=C(C=C1)C1=CC=CC=C1,78.4
CC(O)C(C)(C)C,5.2
BrC1=CC=CC2=C1C=CC=C2,-1.4
C[C@H]1CC[C@@H](O)CC1,-9.6
OC(=O)C1=CC(=C(Cl)C=C1)[N+]([O-])=O,182.0
C=CCC=C,-148.0
C[C@@H]1CC(=O)C=C2CC[C@H](C[C@@]12C)C(C)=C,36.4
O=C1CCCC1,-51.5
CCCCCCCCCCCCCCCCCC(=O)OC,39.5
C1C2C=CC1C=C2,-19.6
NCCCCCCCN,28.4
CCOC(=O)CC,-73.5
CCCCCCOC(C)=O,-80.5
CC(C)C=O,-65.5
CC(C)C1=CC=C(C)C=C1,-68.5
OC1=CC=C(C=C1)C1CC(=O)C2=C(O)C=C(O)C=C2O1,250.0
O=S=O,-72.5
OC(=O)C1=CC=C(O)C=C1O,226.0
CC(N)(CO)CO,110.0
CC1=CC=NC(N)=C1,99.5
NC1=CC2=C(C=C1)C1=CC=CC=C1C2,128.0
COP(=O)(NC(C)=O)SC,88.5
NC1=CC=C(C=C1)C(=O)NCC(O)=O,199.0
COP(=S)(OC)SCN1N=NC2=CC=CC=C2C1=O,72.5
OC(=O)CCCC1=CC=C(C=C1)N(CCCl)CCCl,64.5
COC1=CC2=C(C=CC(=O)O2)C(OC)=C1,148.0
CC(=O)N(O)CCCCCNC(=O)CCC(=O)N(O)CCCCCNC(=O)CCC(=O)N(O)CCCCCN,140.0
CC(C(O)=O)C1=CC=C(C=C1)N1CC2=CC=CC=C2C1=O,213.0
CC1=C(C=NO1)C(=O)NC1=CC=C(C=C1)C(F)(F)F,166.0
COP(N)(=O)SC,45.5
OC(=O)C1=C(NC2=CC=CC(=C2)C(F)(F)F)N=CC=C1,204.0
CN1CCN(CCCN2C3=CC=CC=C3SC3=CC=CC=C23)CC1,52.5
OC(CCN1CCCCC1)(C1CCCCC1)C1=CC=CC=C1,114.0
C[C@@H]1C[C@H]2[C@@H]3CCC4=CC(=O)C=C[C@]4(C)[C@@]3(F)[C@@H](O)C[C@]2(C)[C@@]1(O)C(=O)CO,262.0
OC(=O)C1=C(Cl)C=C(Cl)C=C1Cl,162.0
OC(=O)C1=C(Cl)C(Cl)=CC=C1,168.0
CC1=CC=C(C(O)=O)C(O)=C1,178.0
CC(=O)NC1=CC=C2C(CC3=CC=CC=C23)=C1,194.0
CC[C@]1(O)C[C@H]2C[N@@](C1)CCC1=C(NC3=C1C=CC=C3)[C@@](C2)(C(=O)OC)C1=CC2=C(C=C1OC)N(C=O)[C@@H]1[C@]22CCN3CC=C[C@](CC)([C@@H]23)[C@@H](OC(C)=O)[C@]1(O)C(=O)OC,219.0
O=CC1=CC2=CC=CC=C2C=C1,61.5
C[Si](C)(C)C,-99.5
CC1(C)C2CCC1(C)C(=O)C2Br,76.5
CCC(C)(O)C#CC(C)(O)CC,53.5
O=C1OC(=O)C2=CC=CC3=C2C1=CC=C3,270.0
O=C1OCC2=CC=CC=C12,74.5
CC1=C(N)C=CC=C1Cl,1.5
OC(=O)C1=CSC=C1,138.0
N(C1=CC=CC=C1)C1=C2C=CC=CC2=CC=C1,61.5
O=C1C2=CC=CC=C2OC2=CC=CC=C12,176.0
O=C(C1=CC=CC=C1)C1=CC=CC=N1,42.5
CC(=O)OC(OC(C)=O)C1=CC=C(O1)[N+]([O-])=O,90.5
COC1=CC=C(CC(O)=O)C=C1OC,97.5
CCCOC(=O)C1=CC=C(N)C=C1,74.5
COC1=CC(=CC=C1N)[N+]([O-])=O,140.0
ClS(=O)(=O)C1=CC=C(Br)C=C1,75.5
ClC1=CC=C(C=C1)S(Cl)(=O)=O,51.5
CN(C)C1=CC=C(C=C1)[N+]([O-])=O,164.0
ClN=C1C=C(Cl)C(=O)C(Cl)=C1,66.5
N=C(NC1=CC=CC=C1)NC1=CC=CC=C1,150.0
ClC1=C(Cl)C=C(C=C1)N=C=O,42.5
CC1=NNC(=O)C1,222.0
CC1=CN=CC=N1,-29.5
CCCCCCCCCCCCCCCC(=O)OC,30.5
OCCCCCCCCCC=C,-2.5
CCCCCCCCCCCCS,-7.5
CCCCCCCCCCCCCCCC(Cl)=O,11.5
CCCCCCCCCCCCCCCCBr,17.5
OCC(Cl)(Cl)Cl,18.5
OC(C1=CC=C(Cl)C=C1)(C1=CC=C(Cl)C=C1)C(Cl)(Cl)Cl,78.0
OC1=CC=CC=C1C(=O)C1=CC=CC=C1,39.5
COC1=CC(=CC=C1N)C1=CC=C(N)C(OC)=C1,136.0
COC1=CC(C=O)=CC(OC)=C1O,112.0
NC1=CC=C(OC2=CC=CC=C2)C=C1,83.5
C1=CC2=CC3=C(C=C2C=C1)C1=C2C3=CC=CC2=CC=C1,216.0
C1=CC=C2N=CN=CC2=C1,47.5
C1=CC2=CC3=CC=CC=C3N=C2C=C1,108.0
N1C=CC2=C1N=CC=C2,106.0
O1C=NC2=CC=CC=C12,30.5
C1CN2CCN1CC2,158.0
OC(=O)CC#N,66.5
OC(=O)C1=C(F)C=CC=C1F,158.0
FC1=CC=CC=C1C(Cl)=O,4.5
OC(=O)C1=CC(F)=CC=C1,124.0
N1C(=NC(=C1C1=CC=CC=C1)C1=CC=CC=C1)C1=CC=CC=C1,276.0
COC1=CC(OC)=C(C=C1OC)C(O)=O,144.0
[O-]\[N+](=N/C1=CC=CC=C1)C1=CC=CC=C1,35.5
C1CC2CC1C=C2,45.5
OCCC1=CC=C(O)C=C1,90.5
OCCCCCCCCCCCCCCCC(O)=O,98.5
CCOC(=O)C(O)(C1=CC=C(Cl)C=C1)C1=CC=C(Cl)C=C1,36.5
OCCC1=CNC2=CC=CC=C12,58.5
CC1=CC(C)=C(O)C(C)=C1,72.5
OC(=O)C1=CC(=C(C=C1)[N+]([O-])=O)[N+]([O-])=O,166.0
O=C1CCCC2=CC=CC=C12,7.5
NC(=O)NCC1=CC=CC=C1,148.0
CCCCCCCCC(=O)CCCCCCCC,52.5
CC(C)CC(N)=O,136.0
CC1=CC=CC(=C1N)[N+]([O-])=O,95.5
OCC1=CC=NC=C1,53.5
COC(N)=O,54.5
OC(=O)C(Cl)=C,65.5
CCC(C(O)=O)C(O)=O,114.0
OC1=CC=CC(O)=C1[N+]([O-])=O,82.5
OC(=O)C1=C(F)C(F)=C(F)C(F)=C1F,102.0
CC1=CC=CC(C(O)=O)=C1C,146.0
[O-][N+](=O)C1=CC2=C(C=CC=C2)C(=C1)[N+]([O-])=O,148.0
CN1C(=O)C=CC2=C1C=CC=C2,74.5
[O-][N+](=O)C1=CC=C2C(CC3=CC=CC=C23)=C1,156.0
[O-][N+](=O)C1=CC=CO1,30.5
OC(=O)C1=C(C=C(C=C1)[N+]([O-])=O)[N+]([O-])=O,182.0
OC(=O)C(=O)C1=CC=CC=C1,65.5
CC1=CC=C(C=C1)C1=CC=C(C)C=C1,120.0
N#CC1=CC2=CC=CC=C2C=C1,65.5
O=C1CCCN1,23.5
CC1=CC=C(C=C1C)C(O)=O,166.0
[O-][S+](CC1=CC=CC=C1)CC1=CC=CC=C1,134.0
CCOC1=CC=CC(=C1)C(O)=O,136.0
NC(=O)OCC1=CC=CC=C1,87.5
CCCOC1=CC=CC=C1,-27.5
CC(CC(O)=O)CC(O)=O,86.5
CC(CCC(O)=O)CC(O)=O,100.0
CCCCCCC#N,-63.5
CCCCCCCCCCCCCCCCCCCCCCCCC,53.5
C1=CC=C(C=C1)C(C1=CC=CC=C1)(C1=CC=CC=C1)C1=CC=CC=C1,282.0
CCOC(=O)C1=CC=C(C=C1)C(=O)OCC,44.5
CCC1CCC2C3CCC4CCCCC4(C)C3CCC12C,84.0
N#CC(C#N)=C(C#N)C#N,198.0
CP(Cl)(Cl)=O,35.5
CC1=NC=CN1,144.0
O=C1CC2=CC=CC=C2C(=O)O1,142.0
CC(C)(C)C1=CC(=O)C=C(C1=O)C(C)(C)C,66.5
O1C(=NN=C1C1=CC=CC=C1)C1=CC=CC=C1,140.0
CC(C)=CC=C(C)C,12.5
CC1=CC(C)=NC(N)=N1,152.0
CC1=CC(C)=C(C(C)=C1)S(Cl)(=O)=O,55.5
CC(Cl)C(Cl)(Cl)Cl,-64.5
C=CC1=CC=C2C=CC=CC2=C1,65.5
NNC1=C(F)C(F)=C(F)C(F)=C1F,75.5
O=C1CCCCCCCCCCC1,60.5
CC1=CC=C(C=C1)C(Cl)=O,-2.5
S1C2=C(C=CC=C2)N=C1C1=CC=CC=C1,114.0
OC1=NC2=CC=CC=C2S1,138.0
[O-][N+](=O)C1=C(Cl)C=CC(=C1)C#N,99.5
[O-][N+](=O)C1=CC=C(NC2=CC=CC=C2)C(=C1)[N+]([O-])=O,160.0
COC1=CC=C2C(=O)CCCC2=C1,78.5
CC(=O)C1=CC=NC=C1,15.5
CC1=CC=NC(=C1)C1=CC(C)=CC=N1,174.0
BrC1=C(Br)C(Br)=C(OC2=C(Br)C(Br)=C(Br)C(Br)=C2Br)C(Br)=C1Br,306.0
NS(=O)(=O)C1=C(Cl)C=CC(=C1)C(O)=O,258.0
ClC1=CC(Br)=C(Cl)C=C1,34.5
NC(=O)C1=CC=NC=C1,156.0
FC1=CC=C(C=C1)N=C=S,26.5
COC(=O)C1=CC=C(C=C1)C(O)=O,222.0
OP(=O)(C1=CC=CC=C1)C1=CC=CC=C1,194.0
NC(N)=NC(=O)C1=C(N)N=C(N)C(Cl)=N1,240.0
COC1=CC=CC(OC)=C1C(C)=O,69.5
OC(=O)CCCCBr,39.5
ClC1=CC=C(C=C1)N=C=S,45.5
ClC1=C(Cl)N=CC=C1,66.5
OC(=O)CC1=CC=CC=C1Cl,95.5
ClC1=CC(Cl)=CN=C1,65.5
CC(=O)N1C=CN=C1,102.0
OC(=O)C1=C(C=CC(Cl)=C1)[N+]([O-])=O,138.0
CCOC(=O)C1=CC=CC=N1,1.5
OC1=C(Br)C=C(C=O)C=C1Br,182.0
OC1=C(C=C(C=O)C=C1)[N+]([O-])=O,142.0
N#CSCC1=CC=CC=C1,42.5
CS(=O)(=O)C1=CC=CC=C1,86.5
NNC(=O)C1=CC=CO1,79.5
BrCCCCCCCCCCCCBr,40.5
CCNC1=CC=C(C=C1)[N+]([O-])=O,96.5
S=C=NC1=CC=C(C=C1)N=C=S,132.0
CCC1=CC(=C(O)C(=C1)C(C)(C)C)C(C)(C)C,43.5
CCCCCCCCCCCCCCCCCCCCCCCCCCCCCCCCCCCCCCCC,81.5
OC(=O)CCCCCBr,34.5
OC(=O)C1=CC=C(S1)C(O)=O,358.0
O=CN1CCOCC1,21.5
CC1=CC=C(CC2=CC=C(C)C=C2)C=C1,28.5
CC1=C(C(=CC=C1)C(O)=O)[N+]([O-])=O,222.0
BrCCCN1C(=O)C2=CC=CC=C2C1=O,74.5
CCCCCCCC1CCCCC1,-30.5
NC(=O)C1=CC=CS1,182.0
N#CSCSC#N,106.0
NS(=O)(=O)C1=CC=C(C=C1)[N+]([O-])=O,180.0
NCC1CCNCC1,24.5
ClC(=O)C1=CC=CC=C1Br,10.5
NC(=O)C(Br)(Br)C#N,124.0
CC1(C)C2CCC1(C)C(=O)C2=O,200.0
CCCCCCCCCCCCC=O,14.5
C1COC2=CC=CC=C2OCCOCCOC2=CC=CC=C2OCCO1,162.0
CCCCCC1=CC=C(O)C=C1,23.5
OCC1=C(Cl)C=CC=C1Cl,97.5
N#CC1=CC2=C(NC=C2)C=C1,106.0
CCCCCCCCCCCCCC(=O)OC,18.5
CC1=C(Br)C=C(Br)C=C1Br,69.5
BrC1=CC(CC#N)=CC=C1,27.5
OC(=O)C1=CC=CC=C1C1=CC=C(C=C1)C(F)(F)F,170.0
OC(=O)CSC1=CC=CC=C1,64.5
CC(S)C(O)=O,11.5
C1CNCCNCCCNCCNC1,186.0
O=C1C(=C1C1=CC=CC=C1)C1=CC=CC=C1,120.0
NNS(=O)(=O)C1=CC=CC=C1,102.0
ClC(=O)N(C1=CC=CC=C1)C1=CC=CC=C1,83.5
[O-][N+](=O)C1=CC=C(C=C1)N=C=O,57.5
CN1CCC(O)CC1,28.5
ClC1=CC=CC(=C1)C(=O)C1=CC=CC=C1,82.5
CC1=CC(Br)=C(C)C=C1Br,73.5
BrCC1=CC=CC=C1CBr,94.5
C(N(CC1=CC=CC=C1)C1=CC=CC=C1)C1=CC=CC=C1,69.5
COC1=CC=C(Cl)C=C1N,82.5
NS(=O)(=O)C1=CC=C(Cl)C=C1,146.0
OC(=O)CSCC1=CC=CC=C1,61.5
CCOC=C(C#N)C#N,65.5
CC(C)=NO,61.5
[O-][N+](=O)C1=CC(=C(F)C=C1F)[N+]([O-])=O,73.5
OC(=O)C1=CC=C(OC(F)(F)F)C=C1,152.0
OC(=O)CC1=CC(=CC=C1)C(F)(F)F,77.5
FC1=CC=C(C=C1)C(Cl)=O,9.5
CC1=CC=C(F)C=C1[N+]([O-])=O,26.5
CC1=C(C)C(C)=C(CCl)C(C)=C1C,82.5
S1C=CC=C1C1=CC=CS1,32.5
NC1=CC=CC=C1C=O,38.5
O=C(N1C=CN=C1)N1C=CN=C1,118.0
N(C1=CC=CC=C1)C1=CC=C(C=C1)C1=CC=C(NC2=CC=CC=C2)C=C1,248.0
NC1=CC2=C(C=C1)N=CS2,87.5
BrCC1=CC=C(Br)C=C1,62.5
CC#CC(O)=O,77.5
CC1=CC(=CC=C1O)C1(OC(=O)C2=CC=CC=C12)C1=CC=C(O)C(C)=C1,224.0
CCCCS(=O)(=O)CCCC,44.5
CC1=CC(O)=C2C=CC=CC2=N1,234.0
OC(=O)C1=C(C=C(C=C1)[N+]([O-])=O)C(O)=O,162.0
C(C1=CC=CC=C1)C1=CC=C(C=C1)C1=CC=CC=C1,85.5
NC(=O)C1=CC(Cl)=CC=C1,136.0
CC1=CC=C(C=C1)C(=O)CBr,51.5
O=S(=O)(CC1=CC=CC=C1)CC1=CC=CC=C1,152.0
C(OC1=CC=C(OCC2=CC=CC=C2)C=C1)C1=CC=CC=C1,128.0
NC(=O)OC1=CC=CC=C1,150.0
CC(=O)OCCCCOC(C)=O,12.5
C1=CC=C(C=C1)C(=C(C1=CC=CC=C1)C1=CC=CC=C1)C1=CC=CC=C1,224.0
OC(=O)C#CC1=CC=CC=C1,136.0
NC(=O)C1=C(F)C(F)=C(F)C(F)=C1F,148.0
O=C(C1=CC=CS1)C1=CC=CS1,89.5
CC(=O)C1=CC=C(C=C1)C(F)(F)F,31.5
FC(F)(F)C1=CC=CC=C1C(=O)C1=CC=CC=C1,60.5
COC1=CC(O)=CC=C1O,89.5
COC1=CC=C(C(C)=O)C(OC)=C1,40.5
CN1C=CC(=O)N(C)C1=O,120.0
COC1=CC=CC(C(O)=O)=C1O,152.0
CC1=CC=CC2=C1NC=C2,84.5
CC1=CC=C(OCC(O)=O)C=C1,140.0
CCOC(=O)C1=CC=C(O1)[N+]([O-])=O,100.0
C(OC1=CC=CC=C1)C1=CC=CC=C1,39.5
C1=CC=C(C=C1)C1=NN=C(N=C1C1=CC=CC=C1)C1=CC=CC=N1,192.0
NC1=CC=CC2=C1C=CN=C2,128.0
[O-][N+](=O)C1=CC=C(C=C1)C(=O)C1=CC=CC=C1,138.0
C1=CC=C(N=C1)C1=CC=CC(=N1)C1=CC=CC=N1,90.5
OC1=CC=C(O)C(C=O)=C1,98.5
BrCCCCOC1=CC=CC=C1,41.5
COC1=CC=C(OC)C(=C1)C(C)=O,19.5
CCOC1=CC=C(C=C1)C(C)(C)COCC1=CC(OC2=CC=CC=C2)=CC=C1,36.5
OCC1=CC=CC=C1Br,80.5
CC(OC1=CC=CC=C1Cl)C(O)=O,114.0
OC(=O)CCC(=O)C1=CC=CC=C1,118.0
NC(=O)C1=CC=CC=C1C#N,172.0
O=C(NCC1=CC=CC=C1)C1=CC=CC=C1,106.0
OC(=O)C1=C(F)C=C(F)C=C1,188.0
ClC1=NC=CC=N1,66.5
C1CCC(CC1)NC1=CC=CC=C1,15.5
NC(=O)C1=CC=C(C=C1)C(F)(F)F,184.0
FC1=CC=CC(F)=C1C#N,30.5
COC1=CC(=CC(O)=C1OC)C(O)=O,196.0
CCCCCC(=O)OC(=O)CCCCC,-40.5
O=C(C1=CC=CC=C1)C1=CC=C(C=C1)C1=CC=CC=C1,100.0
ClC(=O)C1=CC2=CC=CC=C2C=C1,50.5
COC1=CC=C(C=C1)N=C=S,18.5
OC(=O)C(CC=C)C(O)=O,104.0
OCC1=CC=CC=C1C1=CC=CC=C1,49.5
OCC1=CC=C(C=C1)C(O)=O,182.0
ClC1=CC(I)=CC(Cl)=C1,56.5
IC1=CC=C(C=C1)C#N,126.0
O=CC1=CC=C(C=C1)C1=CC=CC=C1,59.5
[O-][N+](=O)C1=CC=CC(=C1)N=C=O,51.5
SC(C1=CC=CC=C1)(C1=CC=CC=C1)C1=CC=CC=C1,106.0
NC1=NC=C(C=C1)[N+]([O-])=O,188.0
O=CC1=CC=NC2=CC=CC=C12,50.5
COC1=CC(=CC=C1O)C#N,86.5
N#CC1=CC2=C(OCO2)C=C1,93.5
CC(CO)(CO)C(O)=O,190.0
COC1=C(C=O)C2=C(C=CC=C2)C=C1,83.5
C=CS(=O)(=O)C1=CC=CC=C1,68.5
CCC(=O)C1=CC=C(O)C=C1O,99.5
NNC(=O)C1=CC=CC=C1Cl,118.0
NC1=C(C=C(Cl)C=C1)C#N,96.5
CCOC(=O)C(C(=O)OCC)C(=O)OCC,28.5
OC(=O)CC1=C(Cl)C=CC=C1Cl,160.0
C(CP(C1=CC=CC=C1)C1=CC=CC=C1)CP(C1=CC=CC=C1)C1=CC=CC=C1,60.5
NCCCN1CCN(CCCN)CC1,14.5
[O-][N+](=O)C1=CC=C(OC(Cl)=O)C=C1,78.5
CC1=CC=C(N)C=C1Br,26.5
BrC1=CC=CC=C1C1=CC=CC=C1Br,80.5
CC(=O)OC1=CC=C(C=C1)C(C)=O,53.5
C1COCCOC2=CC=CC=C2OCCOCCO1,79.5
ClC1=CC2=C(C=CN2)C=C1,89.5
COC1=CC=C(Br)C(OC)=C1,25.5
CC1=CCC(CC1O)C(C)(C)O,130.0
CCCCCCCCCCC1=CC=C(N)C=C1,24.5
COC1=CC(Cl)=CC=C1C(O)=O,146.0
CCCCCCC(O)C(O)=O,69.5
O=C1CCCCC1C1=CC=CC=C1,57.5
IC1=CC=C(C=O)C=C1,77.5
CC1=C(C=C(C=C1[N+]([O-])=O)[N+]([O-])=O)C(O)=O,206.0
OC(=O)C1=CC(F)=CC(F)=C1,122.0
OC(=O)[C@@H]1CCCN1C(=O)OCC1=CC=CC=C1,76.5
CC(=O)OCC(C(OC(C)=O)C1=CC=CC=C1)[N+]([O-])=O,70.5
OCC1CCCNC1,60.5
CC(C)CCC#C,-124.0
CCCC1=CC=C(C=C1)C(O)=O,142.0
OC(C=O)C(O)C(O)C(O)C(O)=O,166.0
CCOC1=CC=C(I)C=C1,28.5
ClC1=CC=C(CC#N)C=C1,30.5
CC1=CC=C(CC(O)=O)C=C1,92.5
CN1[C@H]2CC[C@@H]1CC(=O)C2,42.5
CC(C)CCCC(C)C1CCC2C3CC(O)C4(O)CC(O)CCC4(C)C3CCC12C,238.0
OC(=O)\C=C\C1=CC=C(Cl)C=C1,248.0
COC1=CC=C(\C=C\C(O)=O)C=C1,174.0
NNC(=S)NC1=CC=CC=C1,138.0
OC(=O)\C=C\C1=CC=C(Br)C=C1,262.0
O=C1CSC(=S)N1,170.0
COC1=CC(CNC(=O)CCCC\C=C\C(C)C)=CC=C1O,65.5
O=C1CC(=O)NC(=S)N1,234.0
S=C1NCCS1,106.0
CCNC(=S)NCC,77.5
CC12CCC3C(CCC4(C)CC5(CCC34C)OCCO5)C1CCC2=O,158.0
CC(=O)OC1CCC2(C)C(C1)CC(=O)C1C3CCC(=O)C3(C)CCC21,164.0
OC[C@@H](O)[C@H](O)[C@H](O)[C@@H](O)C=O,166.0
OC1=C(O)C=C(C=C1)[N+]([O-])=O,176.0
OC(=O)C1=CC(C=C)=CC=C1,95.5
CC\C=C\CC(O)=O,11.5
OC1=CC=CC=C1C1=NC2=C(S1)C=CC=C2,132.0
OC[C@H](O)[C@H](O)[C@H](O)CO,102.0
OC1=CC=C(C=C1)\N=N\C1=CC=CC=C1,154.0
CC(=O)NC1=CC=CC=C1C,110.0
[O-][N+](=O)CC(=O)NC1=CC=CC=C1,93.5
CCCCOC(=O)CCCCCCCCC(=O)OCCCC,-10.5
CC1=CC=CC(N)=C1C,2.5
O=C1OC2=CC=CC=C2C=C1,70.5
CC1=CC=CC(C)=C1Cl,-35.5
ClC1=C(Cl)C=C(Br)C=C1,24.5
CC(C)C1=CC=C(C)C(O)=C1,1.5
CC(C)C1=CC=C(CO)C=C1,27.5
OC(=O)C1=CC=CC=C1N=NC1=CC=C(O)C=C1,206.0
ClCC(=O)CCl,44.5
CN(C)C1=CC=C(C=C1)N(C)C,50.5
CNC1=CC=CC=C1C(=O)OC,18.5
COC1=CC(=CC=C1)C(C)=O,-7.5
CC1=CC=C(CCl)C=C1,4.5
COC1=CC(Cl)=CC=C1N,51.5
OC1=CC=C(CC2=CC=CC=C2)C=C1,83.5
COC(=O)C1=CC(OC)=CC(OC)=C1,42.5
CCOC(=O)CNC1=CC=CC=C1,57.5
ClC1=CC(Cl)=C(Br)C=C1,26.5
NC1=CC(OC2=CC=CC=C2)=CC=C1,36.5
COC1=C(F)C(F)=C(F)C(F)=C1F,-37.5
N#CC1=CC=CN=C1,50.5
OC1=CC=C(C=O)C=C1,118.0
CC(C)=O,-94.5
CCCCCCCCO,-15.5
NCCCNCCCCNCCCN,28.5
C1=CC2=C(N=C1)C1=C(C=CC=N1)C=C2,118.0
CC(C)NCC(O)COC1=CC=CC=C1CC=C,108.0
NCC(CC(O)=O)C1=CC=C(Cl)C=C1,208.0
CCOP(=S)(OCC)OC1=NC(Cl)=C(Cl)C=C1Cl,42.0
NC(=O)CI,94.0
CN1C(=O)OC(C)(C)C1=O,46.5
FC(F)(F)C(=O)CC(=O)C1=CC=CS1,42.5
C[C@]12CC[C@H]3[C@@H](CCC4=C3C=CC(O)=C4)[C@@H]1C[C@@H](O)[C@@H]2O,282.0
OC(=O)C1=CC(Cl)=C(Cl)C=C1,208.0
CCOS(=O)(=O)OCC,-24.5
CS(C)(=O)=O,110.0
CC1=CC=C(C=C1)S(N)(=O)=O,138.0
CC(C)C1=CC(=C(C)C(Br)=C1O)C1(OS(=O)(=O)C2=CC=CC=C12)C1=CC(C(C)C)=C(O)C(Br)=C1C,200.0
CNC(C)=O,27.5
C1=CC=C(C=C1)C1=CC=CC=C1C1=CC=CC=C1,56.5
CCN1C2=C(C=CC=C2)C2=C1C=CC=C2,68.5
OC(=O)C1=C2C=CC=CC2=CC=C1,162.0
NC1=CC=C(C=C1)C1=CC=CC=C1,53.5
OCC(O)C1=CC=CC=C1,67.5
CC(OC1=C(C)C=C(Cl)C=C1)C(O)=O,94.5
O=C(NC1=CC=CC=C1)C1=CC=CC=C1,164.0
[O-][N+](=O)C1=CC2=C(C=C1)N=CN2,208.0
CC1=CC(O)=CC=C1O,128.0
BrCC(Br)CBr,16.5
ClCC(Cl)CCl,-14.5
CC1CCCC1,-142.0
CC(C)COC(=O)C(C)C,-80.5
OC(=O)C1=CC(O)=CC=C1,202.0
OC(=O)C1=CC(=CC(=C1)[N+]([O-])=O)[N+]([O-])=O,206.0
COC1=CC=C(C=C1N)[N+]([O-])=O,118.0
[O-][N+](=O)C1=CC(C=O)=CC=C1,58.5
CCOC(=O)C1=CC=C(C=C1)[N+]([O-])=O,57.5
CNC1=CC=C(C=C1)[N+]([O-])=O,152.0
[O-][N+](=O)C1=CC=C(C=C1)[N+]([O-])=O,174.0
CCN1CCOCC1,-63.5
C=CCOC1=NC(OCC=C)=NC(OCC=C)=N1,26.5
CC(=O)CC(=O)NC1=CC=CC=C1,85.5
O=CNC1=CC=CC=C1,46.5
CC(=O)NC1=CC=C(C=C1)[N+]([O-])=O,216.0
O=C1CCCCCN1,69.5
O=C1CCC(=O)O1,120.0
CC1=CC(C)=CC=C1,-47.5
CCCCCCS,-80.5
CCCSCCC,-102.0
CCCCCCCCCCBr,-29.5
CCCCCCCCCC=O,-5.5
CCCCCCCCCCCCCCO,39.5
OC1=CC=CC=C1C(=O)OC1=CC=CC=C1,42.5
C1=CC2=CC=CC=CC2=C1,99.5
C1=CN=CN=C1,21.5
[O-][N+](=O)C1=CC(=CC(=C1Cl)[N+]([O-])=O)C(F)(F)F,56.5
[O-][N+](=O)C1=CC=C(C=C1)C(F)(F)F,39.5
CC(=O)NC1=CC=C(Cl)C=C1,178.0
CCCCl,-122.0
ClCCC#N,-50.5
CCC(C)(C)CC,-134.0
CC(C)=C(C)C,-74.5
CC(C)C(C)C(C)C,-110.0
[O-][N+](=O)C1=CC=CC=C1Br,42.5
BrC1=CC=C(I)C=C1,91.5
CCCC(C)(C)O,-102.0
CC1(O)CCCCC1,25.5
BrC(C1=CC=CC=C1)(C1=CC=CC=C1)C1=CC=CC=C1,154.0
OC1=C2C=CC=CC2=C(C=C1[N+]([O-])=O)[N+]([O-])=O,132.0
NC1=C(Cl)C=CC=C1Cl,39.5
OC(=O)C1=C(O)C(=CC(=C1)[N+]([O-])=O)[N+]([O-])=O,170.0
[O-][N+](=O)C1=CC=CC=C1C#N,108.0
CC(C)(C)OOC(=O)C1=CC=CC=C1,7.5
CC1=CC(Br)=CC=C1Br,5.5
COC(=O)C1=CC=CC(Br)=C1,32.5
OC(=O)C1=CC=CC(C=O)=C1,174.0
[O-][N+](=O)C1=CC(=CC=C1)C#N,116.0
COC(=O)C1=CC=C(C=C1)[N+]([O-])=O,95.5
N#CC1=CC(=CC=C1)C#N,162.0
CCCC1=CC=C(O)C=C1,21.5
N#CCCC1=CC=CC=C1,-1.5
CC(C)CC=C,-154.0
OC(=O)CCCCCCCCCCC(O)=O,128.0
CCCCCCCCCCCBr,-9.5
CC1=NC(=CN1)[N+]([O-])=O,252.0
O=C(C1CCCCC1)C1=CC=CC=C1,55.5
CCC(C)C=C,-154.0
CN1CCCC1=O,-23.5
NC1=CC=C(C=C1)C#N,84.5
OC(C(F)(F)F)C(F)(F)F,-3.5
CCCCCCCCCCCCCCC(O)=O,52.5
CC(C)CCCCC(C)C,-54.5
CN(C)C1=CC=NC=C1,112.0
COC(=O)C1=CC=C(Cl)C=C1,43.5
COC(=O)C1=CC=C(C=O)C=C1,60.5
OC(=O)CC1=CC=CC(Cl)=C1,78.5
COC1=CC(=CC(OC)=C1OC)C#N,93.5
OCCSSCCO,25.5
COC1=C(Cl)C(Cl)=CC=C1,31.5
BrC1=CC=CC=C1C1=CC=CC=C1,1.5
ClC1=CC=CC=C1C(Cl)(Cl)Cl,29.5
ClC1=NC2=C(C=CC=C2)N=C1Cl,152.0
COC1=CC(OC)=C(C=O)C=C1OC,114.0
OC(=O)C1=C(C(Cl)=CC=C1)[N+]([O-])=O,238.0
ClS(Cl)=O,-104.0
CCC(C)N,-104.0
CC(C)C1=NC=C(N1C)[N+]([O-])=O,60.5
BrC1=CC=C(CC#N)C=C1,47.5
[O-][N+](=O)C1=C(Cl)C=C(Cl)C=C1Cl,71.5
CCC(=O)OC(=O)CC,-44.5
CCCCCCCC#N,-45.5
CCCCOP(=O)(OCCCC)OCCCC,-79.5
COC1=CC(Cl)=CC(Cl)=C1,40.5
COC1=CC(CO)=CC=C1O,114.0
CCN(CC)C1=CC=C(C=O)C=C1,40.5
O=C(C1=CC=CS1)C1=CC=CC=C1,56.5
N1C=CN=N1,23.5
FC1=C(F)C(F)=C(C(F)=C1F)C1=C(F)C(F)=C(F)C(F)=C1F,67.5
CC(C)C(N)=O,128.0
COC1=C(OC)C(=O)C(C)=CC1=O,59.0
NC(=O)C1=CC=CC=C1Cl,142.0
OC(=O)C1=CC=C(C=C1)C(=O)C1=CC=CC=C1,198.0
CC1=CC=CC(=C1)C(N)=O,95.5
N#CCC1=CC=C(CC#N)C=C1,95.5
OCC1=CC(CO)=CC=C1,57.5
N#CCC1=CC(CC#N)=CC=C1,33.5
NC(=O)C1=CC=C(Br)C=C1,192.0
COC1=CC=C(C=C1OC)[N+]([O-])=O,97.5
COC1=CC(OC)=C(C=O)C(OC)=C1,120.0
FC1=C(F)C(F)=C(C(=O)C2=CC=CC=C2)C(F)=C1F,37.5
CC1(O)CCCC1,36.5
OC(=O)CC1=CC=C(Br)C=C1,116.0
CCOC1=CC=CC=C1OCC,43.5
NC(=O)C1=CC=C(N)C=C1,182.0
NC(=O)C1=CC=CC=C1Br,160.0
COC1=CC=CC(OC)=C1C,39.5
CC(=O)C1=CC=CC(=C1)C#N,98.5
SCC1=CC=C(Cl)C=C1,19.5
COC(=O)NN,72.5
COC1=CC(OC)=CC(Cl)=C1,34.5
CC1=CC(C)=C(C)C(CCl)=C1C,70.0
COC1=CC(=CC=C1)C(N)=O,134.0
OCC1=CC=CC=C1I,91.5
CC(=O)OC1=CC=C(C=C1)C1=CC=CC=C1,88.5
CCCC1=CC(O)=NC(S)=N1,220.0
S=C1N=CNC2=C1NC=N2,314.0
CN1\C(=C(/O)NC2=NC=CC=C2)C(=O)C2=C(C=CC=C2)S1(=O)=O,198.0
ClC1=C(Cl)[C@]2(Cl)[C@@H]3[C@@H]4C[C@@H]([C@H]5O[C@@H]45)[C@@H]3[C@@]1(Cl)C2(Cl)Cl,176.0
NC(=O)C1=CC(=CC=C1)[N+]([O-])=O,142.0
NCCO,10.5
OCCNCCO,28.5
OCCN(CCO)CCO,20.0
ClCCCl,-35.5
OCCCO,-26.5
CC1=CC=CC(C)=N1,-6.5
CCOC(=O)CC#N,-22.5
O=CC1=CC2=C(OCO2)C=C1,36.5
CC1=CC=C(N)C=C1C,50.5
ClC(=O)C1=CC=CO1,-1.5
CCOC(=O)CCC(=O)OCC,-20.5
COC1=CC(N)=CC=C1,-0.5
CN(C)C1=CC=C(Br)C=C1,54.5
CC1=CC=CC=C1Cl,-35.5
CC1=CC=CC=C1Br,-27.5
COC1=CC(CC=C)=CC=C1O,-9.5
N#CCCCCC#N,1.5
COC1=CC=CC=C1Br,2.5
ClC(Cl)C1=CC=CC=C1,-16.5
C(OCC1=CC=CC=C1)C1=CC=CC=C1,3.5
[O-][N+](=O)C1=CC=C(F)C=C1F,9.5
ClCCCCCCl,-72.5
CC(=O)C1=CC=C(Cl)C=C1Cl,33.5
ClC1=CC=C(C=O)C=C1Cl,43.5
CCOCCOCCOCC,-44.5
COC1=CC(=CC=C1O)C(C)=O,114.0
COC(=O)C1=CC=C(OC)C=C1,49.5
CC(C)(O)C(C)(C)O,43.5
ClC1=CC=CC=C1CC#N,23.5
COC1=CC=CC=C1C=O,37.5
ClC1=CC=CC(C=O)=C1,17.5
[O-][N+](=O)C1=CC(Cl)=CC=C1Cl,55.5
ClCC1=CC=CC=C1CCl,55.5
CCOC(=O)C1=CC=C(OC)C=C1,7.5
COCC1=CC=CC=C1,-52.5
ClC1=CC=C(Cl)C(I)=C1,21.5
[O-][N+](=O)C1=CC=C(Br)C=C1,126.0
CC1=CC(Br)=C(C)C=C1,9.5
OC(=O)CC(O)(CC(O)=O)C(O)=O,154.0
CCC=O,-80.5
CN(C)C1=CC=CC=C1,2.5
CCCO,-126.0
CC1=CNC(=O)NC1=O,316.0
OC1=CC=C(Cl)C(O)=C1,106.0
BrCBr,-52.5
COC(F)(F)C(Cl)Cl,-35.5
CC1=NC=C(N1CCO)[N+]([O-])=O,160.0
OC1=CC(O)=CC=C1,110.0
COC1=NC(OC)=NC(NS(=O)(=O)C2=CC=C(N)C=C2)=C1,204.0
CCOC(N)=O,48.5
OC(=O)C1=C(Cl)C=CC=C1Cl,144.0
C[C@]1(O)CC[C@H]2[C@@H]3CCC4=CC(=O)CC[C@]4(C)[C@H]3CC[C@]12C,164.0
CCCCCO,-78.5
CC(C)Cl,-118.0
CC(C)(C)O,25.5
CCC(C)(C)C,-99.5
CC(=O)C(C)(C)C,-52.5
CCC(C)=O,-86.5
OC(=O)C=C,13.0
CC(C)C(C)C,-128.0
CC(C)C(O)=O,-46.5
ClC(Cl)C(Cl)Cl,-43.5
CC1=CC=CC(C)=C1[N+]([O-])=O,15.5
OC(=O)C1=CC=CC=C1I,162.0
CC(C)C1=CC=CC=C1O,15.5
OC1=CC=CC2=C1C=CC=C2,95.5
CCC(=O)C1=CC=CC=C1,18.5
CCOC(=O)C(=O)OCC,-40.5
CC1=CC(C)=C(C)C=C1C,79.5
CCC(=O)CC,-39.5
[O-][N+](=O)C1=CC=CC=C1,5.5
[O-][N+](=O)C1=CC(=CC=C1)[N+]([O-])=O,89.5
ON=C1CCCCC1,89.5
CCCN(CCC)CCC,-93.5
CCCC1=CC=CC=C1,-99.5
CCNC1=CC=CC=C1,-63.5
COC=O,-99.5
CC(=C)CC(C)(C)C,-93.5
CC1CCCCC1,-126.0
ClC1=CC=CC=C1,-45.5
CCCCN,-49.5
CCCCCCCCC,-53.5
CCCCCCCCN,-0.5
CCCCCCCCCCO,6.5
CCCCCCCCCCCCCCCCCCCC,36.5
OC(=O)C(C1=CC=CC=C1)C1=CC=CC=C1,146.0
OC(=O)CCCCCCC(O)=O,144.0
CC(C)(C)Cl,-25.5
[CH:1]1=[CH:1][CH:1]=[C:1]([CH:1]=[CH:1]1)C(C1=CC=CC=C1)C1=CC=CC=C1,93.5
CCC(C)=C,-138.0
CCCCCCCCCCCCCCCCC,21.5
CCCCCCCCCCCCCCCCCCC,32.5
CCCCCCCCCCCCC=C,-12.5
OC(=O)C1=CC(=CC=C1Cl)[N+]([O-])=O,166.0
NCCCCCCO,56.5
COC1=CC=C(Cl)C(Cl)=C1Cl,69.5
NC1=NC=C2N=CN(COCCO)C2=N1,188.0
CCC(C)(C)Cl,-73.5
[O-][N+](=O)C1=CC=C(CC#N)C=C1,116.0
COC1=CC(C=O)=CC(OC)=C1,46.5
O=CC=CC1=CC=CC=C1,-7.5
NC1=CC(=CC=C1O)[N+]([O-])=O,144.0
CC1=CC=C(N)C=C1,43.5
ClCC=C,-134.0
BrC(Br)Br,8.5
CCOCCOC(C)=O,-61.5
COC(=O)C1=CC=C(C=C1)C(=O)OC,142.0
CC1=CC=C(Cl)C=C1,7.5
COC1=CC=C(C=O)C=C1OC,43.5
CC1=CC(O)=CC(C)=C1Cl,114.0
CC1=CC(O)=CC=C1Cl,66.5
ClCCCCCl,-37.5
CCCCO,-89.5
CCCCCCCCCC(O)=O,31.5
ClC1=CC=CC(Cl)=C1C=O,71.0
COC1=C(OC)C=C(C=C1)C(O)=O,180.0
OC1=CC=C(C=O)C(O)=C1,136.0
CCC#N,-92.5
NC1CCCCC1,-17.5
CCCCC=O,-91.5
OC(=O)C1=CC(=CC=C1)[N+]([O-])=O,142.0
OC1=CC=C2C=CC=CC2=C1,122.0
C1=CC=C2C(=C1)C1=CC=CC3=C1C2=CC=C3,108.0
O=C1C2=CC=CC=C2C2=CC=CC=C12,83.5
CCNC1=NC(NC(C)(C)C)=NC(SC)=N1,104.0
[O-][N+](=O)C1=C(Cl)C(Cl)=C(Cl)C=C1,55.5
CC1=CC=C(C=C1N=C=O)N=C=O,20.5
OC1=CC=CC=C1O,106.0
CC1=CC(O)=CC=C1,11.5
ClC1=CC(Cl)=C(Cl)C(Cl)=C1Cl,85.5
CN(C)C(=O)NC1=CC(Cl)=C(Cl)C=C1,158.0
CC(C)CCC[C@@H](C)[C@H]1CC[C@H]2[C@@H]3CC=C4C[C@@H](O)CC[C@]4(C)[C@H]3CC[C@]12C,148.0
C1C2=CC=CC=C2OC2=CC=CC=C12,101.0
CN(C)C1=CC=C(C=O)C=C1,74.5
CC(=O)NS(=O)(=O)C1=CC=C(N)C=C1,182.0
BrC1=CC=C(Br)C=C1,87.5
ClC1=CC(Cl)=C(Cl)C=C1Cl,140.0
C1=CC=CC=C1,5.5
CC(=O)NC1=CC=CC=C1,114.0
CCCOC(=O)C1=CC=C(O)C=C1,96.5
SCC1=CC=CC=C1,-29.5
O=C1CCC1,-51.5
ClC1=CC=C(C=C1)S(=O)(=O)C1=CC=C(Cl)C=C1,148.0
CC1=CC(=CC(C)=C1)C(O)=O,171.0
C(CC1CCNCC1)CC1CCNCC1,66.5
CC(C)C(C)=O,-92.5
CCCC(C)=O,-77.5
CC1(C)C2CCC(C)(C2)C1=O,5.55
ICI,5.55
COC1=CC=CC=C1[N+]([O-])=O,9.95
OC1=CC=CC=C1F,15.6
O=C(C1=CC=CC=C1)C1=CC=CC=C1,48.5
OC1=CC=CC=C1,41.5
CCCCCC=C,-120.0
CCCCCCCC(O)=O,16.4
CC1=CC(C)=C(CC(O)=O)C(C)=C1,168.0
CCCC,-138.0
O=C1OC(=O)C2=CC=CC=C12,131.0
BrC=C,-138.0
OC(=O)CCCCC(O)=O,153.0
OC(C1=CC=CC=C1)(C1=CC=CC=C1)C1=CC=CC=C1,164.0
NC1=CC=C(C=C1)C(O)=O,188.0
[O-][N+](=O)C1=CC=C(F)C(=C1)[N+]([O-])=O,26.4
O(C1=CC=CC=C1)C1=CC=CC=C1,27.4
NC1=CC=C(F)C=C1,-1.4
CCCCCCCCCCCCCC=C,-3.4
COC1=CC=CC=C1N,5.6
OC(=O)C(F)(F)C(F)(F)C(F)(F)C(F)(F)C(F)(F)C(F)(F)C(F)(F)F,54.9
FC1=CC=C(C=C1)C#N,35.4
OCCCCCCCCCO,46.4
NC1=CC=CC=C1OC1=CC=CC=C1,46.4
O=C1OC(=O)C=C1,53.4
NC1=CC=CC2=C1C=CC=C2,48.6
CCCCCCCCCCCCCC(O)=O,54.5
CCCCCCCCCCCCCCCCCCCCCCCCCCCCCC,66.4
O=S(C1=CC=CC=C1)C1=CC=CC=C1,70.6
CCCC(N)=O,115.0
NC1=CC=C(C=C1)S(N)(=O)=O,166.0
COC1=CC=C(CC#N)C=C1OC,63.4
CC1=CC=C(C)C=C1,12.6
C1CSCCS1,112.0
CC1=CSC(S)=N1,88.7
OC(=O)CCCC(O)=O,97.2
CN1CCC(CC1)=C1C2=CC=CC=C2C=CC2=CC=CC=C12,112.0
CCCCCCCCCCCCCCCCC(O)=O,60.6
ClC1=CC=CC=C1C#N,45.6
[O-][N+](=O)C1=CC(CBr)=CC=C1,58.6
ClC1=CC=CC=C1Cl,-17.4
ClCCBr,-17.4
CC1=CC=CC(N)=C1,-30.6
C1=CC2=CC=C(C=C2C=C1)C1=CC2=CC=CC=C2C=C1,188.0
N1C=CN=C1C1=CC=CC=C1,149.0
OC(=O)C1=CC(I)=CC=C1,188.0
O=CC1=CC=CC=C1,-56.2
CCC1=NN=C(N)S1,201.0
OC1=CC(Cl)=CC=C1OC1=CC=C(Cl)C=C1Cl,56.3
CC1=CC=C2C=CC=CC2=C1,33.7
C1OC1C1=CC=CC=C1,-36.3
FC1=CC=C(Br)C=C1,-16.7
CCCCCCCCCCCCCCCCCCCCCCC,48.3
FC1=C(F)C(F)=C(F)C(F)=C1F,4.6
CCOC1=CC(OCC)=CC=C1,11.7
FC(F)(F)C1=CC=CC=C1Cl,-6.7
[O-][N+](=O)C1=CC(Cl)=CC(Cl)=C1,64.7
CCOC=O,-80.3
OC(=O)C1=CN=CC=C1,237.0
S1C=CC=C1,-38.7
CF,-143.0
COC1=CC=CC=C1N1CCNCC1,37.8
CN1CCC(=CC1)C1=CC=CC=C1,39.2
CC(C)(OC1=CC=C(Cl)C=C1)C(O)=O,119.0
NC1=C(C(=NN1C1=C(Cl)C=C(C=C1Cl)C(F)(F)F)C#N)S(=O)C(F)(F)F,200.0
COC1=CC=C(C(=O)C2=CC=CC=C2)C(O)=C1,64.8
CNC(=O)OC1=CC=CC=C1OC(C)C,90.8
O=C1NC2=CC=CC=C2C=C1,199.0
CC(C)(C)S,0.25
ClC(C1=CC=CC=C1)(C1=CC=CC=C1)C1=CC=CC=C1,113.0
N#CC1=CC=CC2=CC=CC=C12,36.8
NC1=CC=C2C=CC=CC2=C1,112.0
BrC1=CC=C(C=C1)C1=CC=CC=C1,90.8
OC(=O)C1=CC2=CC=CC=C2C=C1,185.0
CCOC1=CC=C2C=CC=CC2=C1,36.8
OC(=O)[C@@H]1CCC(=O)N1,161.0
CC1=CC(=CC=C1N)[N+]([O-])=O,133.0
CCCCCCCCCCCCCO,33.2
CC1=C(O)C(=O)C=CO1,162.0
CC1=CC(=CC=C1N)C1=CC=C(N)C(C)=C1,131.0
N#CCC1=CC=CC2=CC=CC=C12,33.2
OC1=CC2=CC=CC=C2C(O)=C1,124.0
CCCCCCCCCCCCCCCC(=O)OC(C)C,12.8
C(SSCC1=CC=CC=C1)C1=CC=CC=C1,70.8
C1=CC2=CC=CC3=C2C1=CC=C3,91.8
NNC1=C(Cl)C=CC(Cl)=C1,103.0
OC(=O)C1CSCN1,196.0
OC(=O)C1=CC=C(C=C1)C(F)(F)F,220.0
OC(=O)C1=CC=CS1,129.0
CC(C)C1=CC=C(C=C1)C(O)=O,118.0
OC1=C(OC2=C(C=CC=C2)C1=O)C1=CC=CC=C1,171.0
[O-][N+](=O)C1=CC=CC2=C1C(=CC=C2)[N+]([O-])=O,172.0
CC1=CC=CC=C1C1=CC=CC=C1C,18.8
OC1=C(Br)C=CC=C1Br,55.8
CC1=CC2=C(C=CC=C2)N=C1,15.8
OC(=O)COC1=CC=CC=C1Cl,149.0
ClC1=CC(=O)C(Cl)=CC1=O,161.0
OC1=CC=C(CC2=CC=C(O)C=C2)C=C1,162.0
COC1=CC=C(C=C1O)C(O)=O,252.0
[O-][N+](=O)C1=CC2=C(OCO2)C=C1C=O,94.2
CCOC(=O)CC1=CNC2=C1C=CC=C2,43.8
O=C1OC(=O)C2C3CC(C=C3)C12,165.0
OP(=O)(OC1=CC=CC=C1)OC1=CC=CC=C1,66.8
O=C1C=CC(=O)N1C1=CC=CC=C1,89.8
CN(C)C(=O)C(C1=CC=CC=C1)C1=CC=CC=C1,134.0
OC1=CC=C(O)C(=C1)C1=CC=CC=C1,102.0
COC1=CC(=CC(OC)=C1)C(O)=O,185.0
BrC1=CC2=C(C=C1)C1=CC=CC=C1C2,113.0
COC(=O)C1=CC(=CC=C1)C(=O)OC,68.2
NC1=C(C=C(C=C1Br)[N+]([O-])=O)[N+]([O-])=O,153.0
OC1=CC2=C(NC=C2)C=C1,108.0
COC(=O)C1=CC=C(O)C=C1O,119.0
ON=C1C2=CC=CC=C2C2=CC=CC=C12,195.0
OC(=O)CCCCC1=CC=CC=C1,58.2
CCC1=CC=C(O)C=C1O,97.8
CC(=O)CCCC(O)=O,12.8
OC(=O)C1=CC(OC2=CC=CC=C2)=CC=C1,149.0
OC1=C(Cl)C=C(Br)C=C1,49.8
COC1=CC=CC(C#N)=C1OC,45.2
C(N(CC1=CC=CC=C1)CC1=CC=CC=C1)C1=CC=CC=C1,92.2
COC1=CC(N)=CC=C1C,57.2
ClC1=C2COC(=O)C2=C(Cl)C(Cl)=C1Cl,209.0
S1C=CC=C1C1=CC=C(S1)C1=CC=CS1,92.8
C[Si]1(C)N[Si](C)(C)N[Si](C)(C)N[Si](C)(C)N1,96.8
COC1=CC=C(OC)C(=C1)[N+]([O-])=O,71.8
ClC(=O)C1=C(Cl)C=C(Cl)C=C1,17.2
CC(CCC(O)=O)(C1=CC=C(O)C=C1)C1=CC=C(O)C=C1,172.0
NC1=CC(=C(F)C=C1)[N+]([O-])=O,96.8
FC(F)(F)C1=CC=CC(=C1)C#N,15.2
OCC(F)(F)C(F)(F)C(F)(F)CO,78.8
FC1=CC=C(C=C)C=C1,-35.2
O=C1NN=CC(=O)N1,275.0
O=C1CCOC2=CC=CC=C12,37.2
COC1=CC=CC=C1OC(=O)C1=CC=CC=C1,58.2
COC1=CC=C2COC(=O)C2=C1OC,102.0
OC1=CC2=C(C=CC=C2O)C=C1,181.0
CCS(=O)(=O)CC,72.8
CCC(=O)C1=CC(O)=CC=C1O,97.2
CCCCOC1=CC=C(C=C1)C(O)=O,148.0
CCOC(=O)C(=O)NC1=CC=CC=C1,66.2
C[Si](C)(C)[Si](C)(C)C,12.8
CC1=CSC(N)=N1,44.8
OC(=O)CCCCCCCCCCCCCCCCCCC(O)=O,126.0
CC1=CC=C(C=C1C)C(=O)C1=CC=CC=C1,46.8
ON1N=NC2=C1C=CC=C2,158.0
CC(C)(C)C1=CC(=O)C(=O)C(=C1)C(C)(C)C,114.0
CCCC(=O)NN,44.8
COC1=CC=C(CCCC(O)=O)C=C1,58.2
CC(=O)C1=CC=C(C)S1,26.8
CC1=NNC=C1Br,75.8
NC1=CC2=C(NN=C2)C=C1,176.0
OC1=C(F)C=CC=C1F,38.8
ClC(C(=O)C1=CC=CC=C1)C1=CC=CC=C1,67.8
CC1(C)OC(=O)CC1C(O)=O,175.0
CCP(O)(O)=O,60.8
OC(=O)C(=C)C(F)(F)F,50.8
OC(=O)C(=CC1=CC=CC=C1)C1=CC=CC=C1,172.0
CC1=NNC(=S)NC1=O,219.0
NC1=CC=C(N)C(=C1)[N+]([O-])=O,139.0
OC1=CC=C(C=C1)C1=COC2=C(C(O)=CC(O)=C2)C1=O,301.0
OC1=CC2=C(C(O)=C1)C(=O)C=C(O2)C1=CC=CC=C1,286.0
COP(=O)(OC)OC(=CCl)C1=C(Cl)C=C(Cl)C(Cl)=C1,96.8
ON=CC1=CC=CC=C1,35.8
CCCCCCCCC=CCCCCCCCCCCCC(N)=O,78.2
OC(=O)C1=CC2=CC=CC=C2O1,193.0
CC(=O)C1=CC=CN=C1,12.8
CN(C)C1=CC=CC(=C1)[N+]([O-])=O,59.8
CC1=CC2=C(C=C1C)N=CN2,205.0
CCCCCCCCCCCCCCCC(O)=O,61.8
OC1=C(Cl)C=C(Cl)C2=C1N=CC=C2,180.0
CCC(=C)C(=O)C1=C(Cl)C(Cl)=C(OCC(O)=O)C=C1,122.0
CCN1C(=O)C=CC1=O,44.8
OC(=O)CI,81.8
BrCC(=O)C1=CC=CC=C1,49.8
OC1(CCCCC1)C#C,32.2
BrC1=CC=C(C=C1)C(=O)C1=CC=CC=C1,81.8
CC(C)(C)C1=CC=C(C=C1)C(O)=O,165.0
NC(=O)CC#N,121.0
ClC1=C(Cl)C(Cl)=C(Cl)C2=C1C(=O)OC2=O,255.0
OC(=O)CCCC1=CNC2=CC=CC=C12,124.0
ClC1=CC=C(C=C1)C(=O)C1=CC=CC=C1,76.8
NC1=CC=CC(N)=N1,121.0
CC1=CC=CO1,-88.2
OCC1=CC=C(CO)C=C1,118.0
OC1=C(C2=CC=CC=C2C=C1)C1=C(O)C=CC2=C1C=CC=C2,216.0
CC1=CC=C(OC(=O)C2=CC=CC=C2)C=C1,70.8
IC1=CC=C(I)C=C1,131.0
OC(=O)C1=CC=C(C=C)C=C1,143.0
NC(=O)C1=C(Cl)C=CC=C1Cl,198.0
CC(=O)OC1=CC=C(C=C1)C(O)=O,193.0
COC1=CC=C(N)C(OC)=C1,34.2
OC(=O)COC1=CC=CC=C1,99.2
O=CC1=CC=C(C=C1)C#N,101.0
OCC(=O)C1=CC=CC=C1,5.25
OCC1=CC=CC(=C1)[N+]([O-])=O,31.2
CC(C)(C)OC(=O)NCC(O)=O,88.2
NC1=CC(Cl)=C(O)C(Cl)=C1,168.0
NC1=CC=C(C=C1)C1CCCCC1,53.8
C[C@@H](O)[C@H](C)O,33.8
ClCC=CCCl,2.75
COC1=CC=C(C=C1)C(N)=O,166.0
OC1=CC=CC(NC2=CC=CC=C2)=C1,80.8
NC1=CC=C(O)C=C1,188.0
NC1=CC=C(C=C1)S(=O)(=O)C1=CC=C(N)C=C1,176.0
CCN(CC)C(=S)SSC(=S)N(CC)CC,70.8
N1C=NC2=CC=CC=C12,170.0
COC(=O)C=C,-75.8
OC(=O)C1CCCCC1,30.8
NC1=CC(=CC=C1)[N+]([O-])=O,113.0
CC(=O)CCC(C)=O,-6.25
CC1=CC(N)=C(N)C=C1,88.8
CCCCC(C)=O,-56.2
NC1=C2N=CN([C@@H]3O[C@H](CO)[C@@H](O)[C@H]3O)C2=NC=N1,235.0
OC(=O)C(Cl)(Cl)Cl,56.8
OC(=O)CCl,62.2
NC1=CC=CC=C1N,102.0
[O-][N+](=O)C1=CC(I)=CC=C1,37.8
CC1=CC=C(C=C1)C#N,28.8
COC1=CC=C(C=C1)C(O)=O,184.0
C1CCC(CC1)N=C=NC1CCCCC1,35.2
CN1C=CN=C1S,146.0
CC(=O)C1=CC=CC=C1,19.8
NC#N,44.8
C1CC2=CC=CC3=C2C1=CC=C3,94.2
CCOC1=CC=C(N)C=C1,3.2
NCCN1CCOCC1,24.8
ClC1=CC(Cl)=CC(Cl)=C1,64.2
O=CC1=CC(C=O)=CC=C1,88.7
CN1C2=C(C=CC=C2)C2=C1C=CC=C2,90.2
CC(C)C1(CC=C)C(=O)NC(=O)NC1=O,142.0
ClC1=CC=C(C=C1)C(C1=CC=C(Cl)C=C1)C(Cl)(Cl)Cl,109.0
C1CC[C@H]2CCCC[C@@H]2C1,-31.1
CCOC(=O)C(NC(C)=O)C(=O)OCC,97.2
OC(=O)CCC#C,56.9
OCCCCCCCCCCCCO,82.2
CC(C)[N+]([O-])=O,-92.2
O=C1C=CC(=O)C=C1,115.0
CC(C)(C)C1=CC=CC=C1,-58.6
CC1=NN=C2CN=C(C3=CC=CC=C3)C3=C(C=CC(Cl)=C3)N12,229.0
CC1CC(C)C(C)C1,-132.0
CC1=CC=C2C=CC=C(O)C2=N1,72.9
ON=C1CCCC1,56.9
CC1=C(C=CC=C1Cl)[N+]([O-])=O,36.9
COC(=O)C1=CC=C(OC)C(OC)=C1,59.9
ClCC1=CC(CCl)=CC=C1,35.1
CCCCCCCCCCCC(O)=O,44.1
CC(=O)C(C)=O,-2.1
FC(F)(F)C(F)(F)C(F)(F)C(F)(F)C(F)(F)C(F)(F)C(F)(F)C(F)(F)F,-24.1
CC1(C)[C@@H]2CC[C@@]1(C)C(=O)C2,179.0
OC(=O)CCC1=CC=C(O)C=C1,130.0
OC1=C(I)C=C(I)C=C1I,159.0
OCCN1CCCCC1,16.9
COC(=O)CCCCCCCCCCC(=O)OC,30.9
C1CCC(CC1)NC1CCCCC1,-1.05
CS,-122.0
CC1(C)COC(=O)C1O,91.0
OC(=O)CC[N+]([O-])=O,63.0
NC(=O)C1=C(Cl)C=C(C=C1)[N+]([O-])=O,171.0
COC(=O)C1=C(Cl)C(Cl)=C(C(=O)OC)C(Cl)=C1Cl,156.0
S1C2=CC=CC=C2C2=C1C=CC=C2,98.0
NC(=O)C1=CC(=CC(=C1)[N+]([O-])=O)[N+]([O-])=O,183.0
CCNC1=NC(NCC)=NC(Cl)=N1,227.0
C1=CC2=C(C=C1)C=C1C(C=CC3=C1C=CC=C3)=C2,159.0
O=C1NC2=CC=CC=C2O1,139.0
NCCS,97.0
OCC(Br)(Br)Br,80.0
CC1(C)NC(=O)NC1=O,177.0
ClC1=CC=C(C=C1)S(=O)(=O)C1=CC=CC=C1,93.0
O=C1CCC2=CC=CC=C12,41.0
O=C(OC1=CC=CC=C1)C1=CC=CC=C1C(=O)OC1=CC=CC=C1,74.0
OC(=O)C1=CC=CC=C1C(=O)C1=CC=CC=C1,128.0
CC1=CC=C(O)C(=C1)C(O)=O,152.0
CC(=O)C1=CC=C(O)C=C1O,145.0
CC1=CC=CC=C1CBr,20.0
OC1=CC2=CC=CC=C2C=C1O,163.0
O1C(=CN=C1C1=CC=CC=C1)C1=CC=CC=C1,73.0
CC1=NC2=CC(C)=CC=C2S1,39.0
CC1=CC=CC=C1NC(=N)NC1=CC=CC=C1C,178.0
NC1=C(Cl)C=C(C=C1Cl)[N+]([O-])=O,190.0
[O-][N+](=O)C1=CC=C(C=C)C=C1,28.0
CCOC1=CC=C(C=C1)[N+]([O-])=O,59.0
N#CC1=CC=CC=N1,28.0
CC(OC1=CC=CC(Cl)=C1)C(O)=O,114.0
OCC(O)COC1=CC=C(Cl)C=C1,79.0
OC(=O)CCCl,40.0
OC(=O)CCSCCC(O)=O,130.0
CCCCCCCCCCCCCCCCCC(=O)OCC,34.0
NC1=CC=CC2=C1C=C(O)C=C2,207.0
CC1=NC2=C(S1)C=CC=C2,13.0
ClC1=CC=C2C(=O)C3=CC=CC=C3C(=O)C2=C1,210.0
OC1=CC=C(C(=O)C2=CC=CC=C2)C(O)=C1,145.0
OC1=CC(OC(=O)C2=CC=CC=C2)=CC=C1,133.0
C(CNCC1=CC=CC=C1)NCC1=CC=CC=C1,25.0
C1C2=CC=CC3=C2C2=C(C=CC=C12)C=C3,115.0
C1=CC=C2C(C=CC3=C2N=CC=C3)=C1,51.0
CC(=O)NC1=CC=C(F)C=C1,153.0
OC1=C(F)C=C(C=C1)[N+]([O-])=O,120.0
OC(=O)C1=CC=CC=C1C(F)(F)F,110.0
CC1=CC=C(N)C=C1F,32.0
CC(C)C1=CC2=C(C=C1)C1=C(C=C2)C(C)=CC=C1,100.0
CCCCCCCCCCCCCCCCCC(=O)CCCCCCCCCCCCCCCCC,88.0
CC(=O)C1=CC=C(O)C(O)=C1O,172.0
CC(=O)NC1=CC=CC=C1Cl,88.0
O=C1NC(=O)C=C1,93.0
CC(=O)NC1=CC=CC=C1[N+]([O-])=O,93.0
COC1=CC=CC=C1OC(=O)OC1=CC=CC=C1OC,88.0
CC1=CC=CC2=C1C=CC=C2C,81.0
OC(=O)COC1=CC(Cl)=CC=C1,109.0
CCCCNC(N)=O,96.0
C=CCSCC=C,-84.0
CC1=C(N)C=CC=C1[N+]([O-])=O,91.0
CN(C)C1=CC=CC2=C1C=CC=C2S(Cl)(=O)=O,71.0
[O-][N+](=O)C1=CC=CC2=C1N=CC=C2,89.0
OC(=O)C1=C(Br)C=CC(Br)=C1,156.0
NC1=C2C=CC=NC2=CC=C1,109.0
ClC1=NC2=CC=CC=C2C=C1,37.0
CC1=CC=CC(=C1)C1=CC(C)=CC=C1,8.0
NC1=CC(=CC(=C1)[N+]([O-])=O)[N+]([O-])=O,162.0
OC(=O)C1=CC=C(C=O)C=C1,246.0
OC(=O)CC1=CC(O)=CC=C1,131.0
NNC=O,56.0
CC(C)(C)C#N,16.0
CC(C)CCC(O)=O,-34.0
CC1=CC=C(C(O)=C1)[N+]([O-])=O,54.0
CC(C)(C(O)=O)C1=CC=CC=C1,80.0
CC1=CC=C2C=CC=C(C2=N1)[N+]([O-])=O,139.0
S(SC1=CC=CC=C1)C1=CC=CC=C1,61.0
OC1=C(Cl)C=CC(Cl)=C1Cl,57.0
CC1=CC(=O)C=C(C)O1,133.0
CNC1=CC=C(Cl)C=C1C(=O)C1=CC=CC=C1,95.0
C=CN1C2=C(C=CC=C2)C2=C1C=CC=C2,64.0
CCCCCCCCCCCC[N+](C)(C)[O-],132.0
CCCCCCCCCC(C)O,1.0
CCCCCCCCCCCC(C)O,24.0
COC1=CC=CC(CC(O)=O)=C1,71.0
OCC1=CC(Cl)=C(Cl)C=C1,37.0
CC1=CC=CC(N)=N1,42.0
CCCC#CCCC,-102.0
COC1=CC=C(O)C=C1OC,82.0
ClC1=CC(=CC=C1)C1=CC=CC=C1,17.0
CC(=O)NC1=C(C)C=CC=C1C,182.0
ClC1=CC=CC(Cl)=N1,87.0
CCCCCCCCOC1=CC=C(C=C1)C(O)=O,102.0
OC1=CC=C(SC2=CC=C(O)C=C2)C=C1,154.0
CCCCCCCCCCCCCCCCCCS,31.0
CCCCCCCCCCCCCCCCS,20.0
OC(=O)C1=C(O)C(Br)=CC(Br)=C1,227.0
OC(=O)C1=CC(Cl)=C(O)C=C1,170.0
CC1=C(Br)C=C(Br)C(O)=C1Br,83.0
NNC(=O)C1=CC=C(N)C=C1,227.0
NNC(=O)C1=CC=C(Br)C=C1,167.0
O=C(C1=CC=CC=C1)C1=CC=NC=C1,71.0
O=C=NC1=CC(=CC=C1)N=C=O,49.0
ClN1C(=O)CCC1=O,149.0
CC(=O)NC1=CC=C(C=C1)C#N,206.0
ClC1=C(Cl)C(Br)=CC=C1,59.0
BrCC(Br)(CCC#N)C#N,51.0
SC1=CC=C(Br)C=C1,74.0
CCC(=O)C1=CC=C(Br)C=C1,47.0
BrC1=CC=C(Br)C2=CC=CC=C12,82.0
ClC1=CC=C(C=C1)C(=O)C1=CC=CC=C1Cl,66.0
O=C(OC1=CC(OC(=O)C2=CC=CC=C2)=CC=C1)C1=CC=CC=C1,117.0
OC1=CC(O)=C(Cl)C=C1Cl,114.0
OC(=O)C1=C(F)C=CC=C1Cl,159.0
NC(=O)C1=CC=CC=C1F,117.0
CC1=CC(N)=NC(C)=N1,184.0
ClC(=O)C1=CC=C(Br)C=C1,41.0
CC1=CC=C(C=C1)S(=O)(=O)C1=CC=C(C)C=C1,158.0
OC(=O)C1=C(C(O)=O)C(=CC=C1)[N+]([O-])=O,211.0
[O-][N+](=O)C1=CC=CC2=C1C=CN=C2,109.0
CCOC(=O)C1=CC=CC=C1[N+]([O-])=O,29.0
OC1=CC=NC2=CC=CC=C12,202.0
OCC1=CC=CC=C1CO,63.0
COC(=O)CC(=C)C(=O)OC,37.0
CCOC(=O)C1=CC(=CC(=C1)[N+]([O-])=O)[N+]([O-])=O,93.0
BrCC1=CC(CBr)=CC=C1,76.0
CCCCCCCCCCCCCCCCCC(C)=O,56.0
OC(=O)COC1=CC=CC=C1C(O)=O,190.0
CCCCCCCCCCCCCC(N)=O,105.0
CC(=O)C1=CC=C2C=CC=CC2=C1O,100.0
OCC1=CC=C(Br)C=C1,77.0
CC1=NNC(=O)NC1=O,212.0
ClC1=CC2=C(C=C1Cl)C(=O)OC2=O,187.0
CC(C)(C)C1=CC=C(O)C(N)=C1,162.0
C1=CC=C(C=C1)C1=C2C=CC3=C(C=CN=C3C2=NC=C1)C1=CC=CC=C1,219.0
CCOC1=CC=C(C=C1)C(C)=O,38.0
CC(C)(C)C1=CC(C=O)=CC(=C1O)C(C)(C)C,187.0
OC1=CC=C(C=C1)C(C1=CC=C(O)C=C1)(C(F)(F)F)C(F)(F)F,161.0
[O-][N+](=O)C1=CC=CC=C1F,-7.0
C(P(C1=CC=CC=C1)C1=CC=CC=C1)P(C1=CC=CC=C1)C1=CC=CC=C1,120.0
OC1=CC=CC2=C1C=CN2,99.0
NC1=C(Cl)C=CC(=C1)C(O)=O,215.0
CC1=C(OC(=N1)C1=CC=C(C=C1)C1=NC(C)=C(O1)C1=CC=CC=C1)C1=CC=CC=C1,233.0
BrC1=CC(Br)=C(Br)S1,28.0
C(N1C=CN=C1)C1=CC=CC=C1,70.0
COC1=CC=CC(=C1C)[N+]([O-])=O,54.0
COC(=O)C1=CC(Cl)=CC=C1N,68.0
COC1=CC=CC(=C1)C(=O)NN,93.0
NC1=CC=CC(CO)=C1,94.0
ClC1=CC(=CC(Cl)=C1)C#N,65.0
ClS(=O)(=O)C1=CC=CS1,29.0
OC1C(O)C2CCC1C2,140.0
OC1(CCCC1)C#C,26.0
OCC1C2=CC=CC=C2C2=CC=CC=C12,105.0
FC(F)(F)C1=CN=C(Cl)C=C1,32.0
CCOC(=O)C(=CC1=CC=CC=C1)C(=O)OCC,31.0
CC1=NN=C(C)S1,64.0
CC(C)C(O)C(C)(C)C,-12.0
CCN1CCNC(=O)C1=O,109.0
OC1=C(C=C(F)C=C1)[N+]([O-])=O,74.0
O=C(CCC(=O)C1=CC=CC=C1)C1=CC=CC=C1,145.0
OC(=O)CCCC[C@@H]1SC[C@@H]2NC(=O)N[C@H]12,231.0
[O-][N+](=O)C1=CC2=C(COC2=O)C=C1,144.0
IC1=CC=CC(C=O)=C1,57.0
CC(C)(C)C1=CC=C2OC(=NC2=C1)C1=CC=C(S1)C1=NC2=CC(=CC=C2O1)C(C)(C)C,200.0
CCOC(=O)C1=CSC(C)=N1,56.0
O=C1CC2=CC=CC=C2N1,127.0
CCCC#CC(O)=O,26.0
OC(=O)C1=C(F)C(F)=CC=C1,163.0
CC1(C)[C@H]2CC[C@]1(C)C(=O)C2,179.0
O[C@H]([C@@H](O)C(O)=O)C(O)=O,170.0
OC(=O)C1=C(F)C=C(F)C=C1F,142.0
NNC(=O)C1=CC(Br)=CC=C1,157.0
OC(=O)C1=CC(F)=C(F)C=C1F,99.0
FC1=C(F)C(C#N)=C(F)C(C#N)=C1F,78.0
COC1=CC(\C=C\CO)=CC=C1O,75.0
CCCCNC(=S)NCCCC,65.0
CCCOC1CCC2C3C(CCC12C)C1(C)CCC(CC1CC3=O)OCCC,162.0
OC[C@@H](O)[C@@H](O)[C@@H](O)C=O,83.0
ON=CC1=CC=C(C=C1)[N+]([O-])=O,129.0
O\N=C\C(=O)C1=CC=CC=C1,128.0
CC1=CC=C(NC(=O)C2=CC=CC=C2)C=C1,157.0
OC1=CC=C2C=CC=CC2=C1\N=N\C1=CC=CC=C1,133.0
OCCCCCO,-17.0
C1=CC=C(N=C1)C1=CC=CC=N1,71.0
CC(=O)C1C(=O)OC(C)=CC1=O,110.0
CCCCCCCCCCCCCCCCCC(=O)OC[C@@H](O)[C@H]1OC[C@H](O)[C@H]1O,56.0
C1=CC(=CC=N1)C1=CC=NC=C1,112.0
C1=CC=C2N=CC=NC2=C1,29.0
[O-][N+](=O)C1=CC(Br)=CC=C1,55.0
ClC1=CC(C=O)=C(Cl)C=C1,57.0
[O-][N+](=O)C1=CC=CC(=C1Cl)[N+]([O-])=O,87.0
ClC1CC2C(C1Cl)C1(Cl)C(Cl)=C(Cl)C2(Cl)C1(Cl)Cl,105.0
OC(=O)C1=C(O)C(O)=CC=C1,205.0
OC1=CC(Cl)=CC=C1Cl,58.0
OCC1=CC(O)=CC=C1,72.0
OC(=O)CCCCCC(O)=O,105.0
OC(=O)C1=CC(Cl)=CC=C1,157.0
OC(CC(O)=O)C(O)=O,131.0
OC1=CC=CC2=C1N=CC=C2,75.0
CC(=O)NC1=NN=C(S1)S(N)(=O)=O,260.0
CN1N(C(=O)C(N)=C1C)C1=CC=CC=C1,108.0
OC1=CC=CC2=C1C(=O)C1=C(O)C=CC=C1C2,180.0
CC(C)(C)C1=CC(O)=C(C=C1O)C(C)(C)C,217.0
OCC1=CC=CC=C1O,86.0
OC(=O)C1=CC(Cl)=CC(Cl)=C1,187.0
ClC(Cl)Br,-56.0
CC(C)CBr,-118.0
CC(C)CN,-86.0
ClCC(Cl)Cl,-36.0
COC1=CC=CC=C1C1=CC=CC=C1,30.0
CC(=O)NC1=CC=CC=C1C(O)=O,185.0
OC1=C(C=C(Cl)C=C1)[N+]([O-])=O,88.0
O=C1C2=CC=CC=C2CC2=CC=CC=C12,156.0
CC(=O)C1=CC=C(C=C1)C1=CC=CC=C1,121.0
COC1=CC=C2C=CC=CC2=C1,73.0
OC(=O)C1=NC2=CC=CC=C2C=C1,157.0
S1C=CC2=CC=CC=C12,31.0
CC1=C(N)C=C(N)C=C1,98.0
CC(C)(C)C1=CC=C(O)C(=C1)C(C)(C)C,55.5
NS(=O)(=O)C1=CC=CC=C1,152.0
NC1=CC=CC(=C1)C(O)=O,174.0
CC1=CC=C(C=C1N)[N+]([O-])=O,106.0
BrCC(=O)C1=CC=C(Br)C=C1,110.0
O(P(OC1=CC=CC=C1)OC1=CC=CC=C1)C1=CC=CC=C1,24.0
CCCCCCCCCCCCCCCCC=C,17.0
OC(=O)C1=CC=CC=C1C=O,98.0
[O-][N+](=O)C1=CC=C(C=C1)C(Cl)=O,74.0
OC1=CC=C(C=O)C=C1O,154.0
C1=CN=CC=N1,54.0
CN[C@@H](C)[C@H](O)C1=CC=CC=C1,35.0
O=C1CNC(=O)N1,221.0
CC1=CC(C)=C(C(O)=O)C(C)=C1,153.0
CC1=CC(S)=C(S)C=C1,30.0
S=C=NC1=C2C=CC=CC2=CC=C1,57.0
CC(=O)C1=CC=C(C=C1)C(O)=O,209.0
OC1=CC(Cl)=CC(Cl)=C1,67.0
CC1=C(O)C=CC=C1O,119.0
CC1=CC=C(C)C(=C1)C(O)=O,133.0
OCC1=CC=CC=C1[N+]([O-])=O,73.0
NC1=C(Br)C=C(Br)C=C1,79.0
[O-][N+](=O)C1=CC(CCl)=CC=C1,46.0
COC(=O)C1=CC=C(Br)C=C1,80.0
CC(=O)NC1=CC(O)=CC=C1,147.0
NC1=CC(Cl)=CC(Cl)=C1,52.0
CCCCCCCBr,-57.0
CCCCCCCCI,-45.0
CCCCCCCCCCCCCCCCCCCCC,40.0
ClC1=CC=C(C=O)C(Cl)=C1,72.0
C1CCC2=C(C1)NC1=CC=CC=C21,119.0
N#CC1=C2C=CC=CC2=CC2=CC=CC=C12,176.0
IC1=CC=C(C=C1)C1=CC=CC=C1,113.0
NC1=CC=C2C=CC3=CC=CC4=CC=C1C2=C34,117.0
OC1CCCCCCCCCCC1,77.0
CCCCCCCCCCC(C)=O,20.0
CC1=CC(N)=CC=C1Br,80.0
OC1=CC=C(CC#N)C=C1,70.0
ClC(Br)Br,-21.0
CC1=CC=CC(Cl)=C1Cl,5.0
OCCCCCCCCCCO,73.0
O=C(OC1=CC=C2C=CC=CC2=C1)C1=CC=CC=C1,106.0
CC(C)(C)C1=CC=C(N)C=C1,16.0
CC1=CN=CN=C1,31.0
ClCC(CCl)(CCl)CCl,96.0
CC1=CC=C(C=C1Br)[N+]([O-])=O,77.0
CC(Br)C(Br)C(O)=O,86.0
COC1=CC=CC=C1C1=CC=CC=C1OC,155.0
SC1=NC2=C(S1)C=CC=C2,180.0
CC(=O)NC1=CC=C(Cl)C=C1F,156.0
SC1=CC=CC=N1,128.0
NC1=CC=C(C=C1N)[N+]([O-])=O,200.0
CC(=O)O[C@@H]1C2=C(C)[C@H](C[C@@](O)([C@@H](OC(=O)C3=CC=CC=C3)[C@@H]3[C@@]4(CO[C@@H]4C[C@H](O)[C@@]3(C)C1=O)OC(C)=O)C2(C)C)OC(=O)[C@H](O)[C@@H](NC(=O)C1=CC=CC=C1)C1=CC=CC=C1,216.0
CCOC(=O)CCCCC(=O)OCC,-19.0
CC(=O)C1=CC=C(Cl)C=C1,19.0
O=C1C2=CC=CC=C2C(=O)C2=CC=CC=C12,285.0
NC1=CC(N)=CC=C1,64.0
ClCC1=CC=CC=C1,-44.0
[O-][N+](=O)C1=CC=C(F)C=C1,22.0
ClC(Cl)(Cl)C#N,-43.0
CC1=CC(C)=C(Br)C=C1C,72.0
N#CCC#N,33.0
COC1=CC=C(CO)C=C1,25.0
NC1=C(Br)C=C(Br)C=C1Br,121.0
FC(F)(F)C(=O)OC(=O)C(F)(F)F,-64.0
N#CCCC#N,55.0
CCOC1=CC=C(OCC)C=C1,71.0
NC1=CC=CC(Cl)=C1Cl,23.0
BrC1=CC=CC=C1C=O,21.0
COC1=CC=C(C=C1OC)C(C)=O,50.0
CC(N)=O,80.0
CC1=CC=CC=C1,-94.0
ClC1=CC=CC(Cl)=C1C#N,144.0
CC(C)O,-89.0
NC1=CC=CC=C1O,175.0
ClCCl,-96.0
CC1(C)C2CCC(C2)C1=C,51.0
NC1=CC=C(Cl)C=C1[N+]([O-])=O,117.0
CC1=CC=C(C=C1C)[N+]([O-])=O,30.0
[O-][N+](=O)C1=CC=C(CCl)C=C1,72.0
CCCCC(=O)CC,-38.0
CCCCNCCCC,-61.0
CCCCCCCCCCCCO,25.0
C1CCCCCCCCCCC1,60.0
OC1=CC=C(I)C=C1,93.0
COC1=CC=CC=C1C(O)=O,100.0
NC1=CC=CC(O)=C1,124.0
N#CC1=CC=C(C=C1)C#N,225.0
O=CC1=CC=C(C=O)C=C1,116.0
COC(=O)C1=CC(OC)=C(OC)C(OC)=C1,84.0
CC(C)[C@@H]1CC[C@@H](C)C[C@H]1O,43.0
ClC1=CC(Cl)=C(Cl)C=C1C1=CC=CC=C1,77.0
COC(=O)C1=CC=CC(=C1)[N+]([O-])=O,79.0
CC(=O)C1=CC=C(C=C1)C#N,58.0
NC1=CC=C(CC#N)C=C1,45.0
COC1=CC=C(\C=C\C)C=C1,22.0
CCOC(=O)\C=C\C(=O)OCC,1.0
OC1=CC=CC(O)=C1O,133.0
CC(C)(C)C1=CC=C(O)C=C1,99.0
OCCOC1=CC=CC=C1,13.0
COC(=O)C1=CC=CC=C1O,-8.0
BrCC1=CC=CC=C1,-3.0
NC1=CC=CC=C1[N+]([O-])=O,72.0
[O-][N+](=O)C1=CC=CC=C1Cl,33.0
CCOC(=O)CC(C)=O,-44.0
COC1=CC=C(N)C=C1,58.0
NC1=CC(Cl)=CC=C1Cl,49.0
COC1=CC=C(C=O)C=C1,0.0
CCOC(=O)C1=CC=CC=C1N,14.0
CC(=O)\C=C\C1=CC=CC=C1,41.0
C1=CC=C(C=C1)N=NC1=CC=CC=C1,68.0
OC1=NC=C(F)C(O)=N1,282.0
CCCCC1C(=O)N(N(C1=O)C1=CC=CC=C1)C1=CC=CC=C1,106.0
NC1=CC=C(C=C1)S(=O)(=O)NC1=CC=CC=N1,191.0
CN(C)C(=O)NC1=CC=CC=C1,133.0
CCCCCCCCCCC=C,-36.0
OC(=O)C1=CC=CC=C1[N+]([O-])=O,147.0
[O-][N+](=O)C1=CC=CC=C1CC#N,83.0
COC(=O)\C=C\C(=O)OC,103.0
CC1=CC=C(C)C(O)=C1,75.0
OC1=CC=C(C=C1)C1=CC=CC=C1,166.0
COC1=CC2=C(C=C1)N(C(=O)C1=CC=C(Cl)C=C1)C(C)=C2CC(O)=O,159.0
OC1=CC(Cl)=C(Cl)C=C1,67.0
COC1=CC=C(O)C=C1,56.0
OC(=O)C1=CC(Br)=CC=C1,156.0
N(C1=CC=CC=C1)C1=CC=CC=C1,53.0
BrC1=CC(Br)=CC(Br)=C1,123.0
OC(=O)\C=C\C1=CC=CC=C1,134.0
OC1=CC(Cl)=CC=C1,33.0
CCC1(C(=O)NC(=O)NC1=O)C1=CC=CC=C1,175.0
NC(=O)C1=CC=CC=C1O,141.0
C1=CC=C(C=C1)C1=CC=CC=C1,70.0
OC1=CC=CC=C1[N+]([O-])=O,45.0
C1=CC=C2C(C=CC3=CC=CC=C23)=C1,100.0
CCCCCCCCCCCCCCCCCCCCO,65.0
CC1(C)C(CCC1(C)C(O)=O)C(O)=O,188.0
BrC1=CC=CC=C1Br,6.05
FC(F)(F)C1=CC=CC=C1,-28.1
O=CC1=CC=CO1,-37.0
CCCCCC(O)=O,-2.95
CCCCCCCC=C,-82.1
NC(=O)C1=CC=CC2=CC=CC=C12,207.0
C=C(C1=CC=CC=C1)C1=CC=CC=C1,7.1
CC=CC1=CC=CC=C1,-28.2
CCOC(=O)C=CC(=O)OCC,-9.9
OCCOCCOCCOCCO,-5.1
OC1=CC=CC=CC1=O,51.9
FC1=CC=CC=C1,-41.1
OC1=C(F)C(F)=C(F)C(F)=C1F,33.9
CCCCCCCCCCCCCCCCCCCCCCCCCCCCC,64.8
COC(=O)C(=O)OC,53.1
CC1=CC=C(C(=C1)[N+]([O-])=O)[N+]([O-])=O,57.1
CCC(=O)C1=CC=C(Cl)C=C1,36.1
NC1=CC=CC(=C1)C#N,53.1
CC(C)C1=CC=C(O)C=C1,61.1
CC(C)C(=O)C1=CC=CC=C1,-0.15
C1CCC(CC1)C1=CC=CC=C1,6.15
CCCCCCCCC(O)=O,11.2
COC(=O)CCCCC(=O)OC,9.15
COC1=CC(=CC(OC)=C1OC)C(O)=O,171.0
ClC1=CC=CC(Cl)=C1Cl,53.8
CC1=CC(C)=CN=C1,-7.8
C(C1=CC=CC=C1)C1=CC=NC=C1,11.2
CC\C=C\CC,-114.0
CC1=CC=C(C=C1)C(O)=O,181.0
CC(=O)NO,89.2
CC1(C)OC(=O)NC1=O,77.8
OC1=C(CC2=C(Cl)C(Cl)=CC(Cl)=C2O)C(Cl)=C(Cl)C=C1Cl,165.0
OC[C@H]1O[C@@](CO)(O[C@H]2O[C@H](CO)[C@@H](O)[C@H](O)[C@H]2O)[C@@H](O)[C@@H]1O,187.0
Cl[Si](C1=CC=CC=C1)(C1=CC=CC=C1)C1=CC=CC=C1,92.8
ClC1=CC=C(C=C1)C(=O)C1=CC=C(Cl)C=C1,146.0
OC(=O)C1=CC2=CC=CC=C2C=C1O,221.0
OC(=O)C1=C(O)C=CC(=C1)[N+]([O-])=O,231.0
CC(C)C(=O)OC(=O)C(C)C,-54.8
ClC(=O)C1=CC=C(C=C1)C(Cl)=O,82.2
N(C(NC1=CC=CC=C1)=NC1=CC=CC=C1)C1=CC=CC=C1,145.0
O=NN1CN2CN(C1)CN(C2)N=O,206.0
NC1=CC=C(CC2=CC=C(N)C=C2)C=C1,91.2
C(C1=CC=CC=C1)C1=CC=CC=N1,11.2
NC1=NC=CC=N1,126.0
CC(O)CNCC(C)O,43.2
CC1=CC=C(O)C(=C1)[N+]([O-])=O,35.2
O1C2=CC=CC=C2SC2=CC=CC=C12,58.2
OC(=O)C1=CC=CC=C1F,125.0
O=C1CCCC(=O)C1,104.0
OC(C(=O)C1=CC=CO1)C1=CC=CO1,137.0
COC1=CC=C(Cl)C=C1Cl,27.2
NC1=CC2=CC=CC=C2N=C1,92.8
O=C1CCC(=O)N1,125.0
OC(=O)CCBr,61.2
[O-][N+](=O)C1=CC=CS1,45.2
CC1=CC2=C(C=CC=N2)C=C1,37.8
CCNC(=O)NCC,111.0
CCCCCCCCCCCCCCCCCCCCCCCCCCCC,63.2
CCCCCCCCCCCCCCCCCCCCCCO,71.2
O=C1CCCCN1,38.2
C(SC1=CC=CC=C1)C1=CC=CC=C1,42.2
OC1CCCCC1O,101.0
CC1=CC=CN=C1N,32.2
BrC1=CC=C(C=C1)N=C=S,59.2
CC(=O)CC(C)(C)NC(=O)C=C,56.2
CC1(C)CC(C)(C2=CC=CC=C12)C1=CC=CC=C1,51.2
CC(C)(CC(O)=O)CC(O)=O,102.0
COC1=CC=C(N)C=C1Cl,51.2
ClC1=C(Cl)C(Cl)=C(Cl)S1,29.2
CC1=C(C2=C(C=C1)C(=O)C1=CC=CC=C1C2=O)[N+]([O-])=O,269.0
OCC1=CC(Cl)=CC(Cl)=C1,79.2
ClC(=O)CCCCCCCCC(Cl)=O,-3.75
CN(C)CC1=CC(=C(O)C(=C1)C(C)(C)C)C(C)(C)C,92.2
C1CNCCNC1,42.2
CC1=CC=C(C=C1)C(=O)C1=CC=C(C)C=C1,95.2
CNC(=O)NC(C)=O,179.0
COC1=CC=C(C=C1)C(=O)OC(=O)C1=CC=C(OC)C=C1,95.8
COC(=O)C1=CC2=C(C=CC=C2)C=C1O,74.2
[O-][N+](=O)C1=CC=CC=C1SSC1=CC=CC=C1[N+]([O-])=O,195.0
CC(=C)C1=CC=C(C=C1)C(C)=C,64.8
BrC1=C(Br)C(Br)=C(Br)S1,116.0
CC(=O)O[Si](C)(OC(C)=O)OC(C)=O,41.8
ClC1=CN=CC(Cl)=N1,55.2
COC1=CC=C(C(OC)=C1)[N+]([O-])=O,75.2
C[C@H](NC(=O)OC(C)(C)C)C(O)=O,80.8
[O-][N+](=O)C1=CC(Cl)=C(Cl)C(Cl)=C1,71.2
NC1=CC2=C(CCC2)C=C1,36.2
COC(C(=O)C1=CC=CC=C1)C1=CC=CC=C1,48.2
CC(=O)OC[C@H]1O[C@H](Br)[C@H](OC(C)=O)[C@@H](OC(C)=O)[C@@H]1OC(C)=O,88.2
OCC1=CC=C(O1)C=O,32.8
C[Si](C1=CC=CC=C1)(C1=CC=CC=C1)C1=CC=CC=C1,68.2
COC1=CC=C(OC)C(N)=C1,81.2
NC1=CC(Cl)=C(Cl)C=C1Cl,95.2
BrCC1=CC=C(CBr)C=C1,143.0
OC(=O)COC1=CC=C(Cl)C=C1Cl,139.0
NC(=O)C1=CC(N)=CC=C1,114.0
COC1=CC=CC=C1OCC(O)CO,79.8
C1CCN2N=NN=C2CC1,58.8
CCOS(=O)(=O)C1=CC=C(C)C=C1,33.2
CC1=CNC2=CC=CC=C12,95.0
COC1=CC=CC(OC)=C1O,55.2
CC(=O)C1=CC=C(O)C=C1,108.0
COC1=CC(=CC=C1O)C(O)=O,213.0
CN(C)C1=CC=C(C=C1)\N=N\C1=CC=CC=C1C(O)=O,182.0
COC1=CC(=CC(OC)=C1O)C(O)=O,206.0
ClCC(=O)C1=CC=CC=C1,55.2
CC(C)=CC(O)=O,68.2
[O-][N+](=O)C1=CC=CC=C1C=O,44.8
CC1=CC=C(CO)C=C1,60.2
BrC1=CC=C(OC2=CC=C(Br)C=C2)C=C1,59.2
CC(C)(C)C1=CC=CC(=C1O)C(C)(C)C,37.8
O=C1OC2(OC=C(C2=O)C2=CC=CC=C2)C2=CC=CC=C12,156.0
O=C(CC#N)C1=CC=CC=C1,81.8
CC1=CC=C(Cl)C(N)=C1,30.8
CC1=CC(=O)C=C(C)C1=O,71.2
CC(=O)C1=CC=CC=C1C(O)=O,116.0
OCC1=CC=C(C=C1)[N+]([O-])=O,95.2
COC1=CC=C(C=C1O)[C@@H]1CC(=O)C2=C(O)C=C(O)C=C2O1,229.0
NC1=CC=C(C=C)C=C1,24.8
OC1C2=CC=CC=C2C2=CC=CC=C12,155.0
S=C(NC1=CC=CC=C1)NC1=CC=CC=C1,153.0
COC1=CC=C2C[C@@H]3[C@@H]4C=C[C@H](O)[C@@H]5OC1=C2[C@]45CCN3C,156.0
NCCCCCCN,40.2
NC1=CC(Br)=CC=C1,17.2
NC1=C(Cl)C=C(Cl)C=C1,62.2
CC(C)C1=CC=C(C)C=C1O,50.2
CC(=O)C1=CC(N)=CC=C1,97.2
COC1=CC(OC)=CC(OC)=C1,53.2
COC1=CC=C(C=C1)C#N,60.2
OC1=CC=C(C=C1)C1(OC(=O)C2=CC=CC=C12)C1=CC=C(O)C=C1,261.0
[O-][N+](=O)C1=C(Cl)C(Cl)=C(Cl)C(Cl)=C1Cl,143.0
NC1=CC=CC=C1C1=CC=CC=C1,50.2
CC1=CC=C(C=C1[N+]([O-])=O)[N+]([O-])=O,69.8
NC(=O)C1=CC=C(C=C1)[N+]([O-])=O,201.0
OC1=CC=CC(=C1)C#N,80.8
NC1=CC=C(Cl)C=C1,71.2
OC(=O)C1=CC=C(O)C=C1,216.0
COC1=CC(\C=C\C(=O)C2=CC=CC=C2O)=CC=C1O,128.0
NC1=CC=C(C=C1)S(=O)(=O)NC1=NC=CS1,201.0
BrC1=CC(Br)=C(Br)C=C1,43.2
ClC1=CC=C(C=O)C=C1,47.2
C1=CC=C2C(=C1)C1=CC=CC=C1C1=CC=CC=C21,198.0
NCCN,9.8
[O-][N+](=O)C1=CC=CC(=C1)C(F)(F)F,-3.7
CCC(=O)C(C[C@H](C)N(C)C)(C1=CC=CC=C1)C1=CC=CC=C1,100.0
OC(=O)C(O)(C1=CC=CC=C1)C1=CC=CC=C1,150.0
C1=CC2=C3C4=C1C=CC1=C4C4=C(C=C1)C=CC1=C4C3=C(C=C2)C=C1,439.0
BrC1=CC=C(C=C)C=C1,6.35
OCCOC1=CC2=CC=CC=C2C=C1,75.3
OC1CCC2=CC=CC=C12,53.4
CC(=O)C1=CC=C(C=C1)[N+]([O-])=O,80.4
OC1=CC=CC=C1Cl,8.4
O[Si](C1=CC=CC=C1)(C1=CC=CC=C1)C1=CC=CC=C1,153.0
CCCCCCCO,-34.6
CC(=O)C(O)=O,12.4
CCCCCCCCCC#N,-16.4
ClC1=CC=C(Cl)C=C1,53.5
NC1CCCC1,-84.2
CC1=CC=CC(O)=C1O,66.5
CCCCCCCCCC1=CC=C(O)C=C1,43.5
NC1=NC=CS1,91.5
NC(=O)NO,142.0
O=C1CSC(=O)N1,126.0
OC(=O)CC(S)C(O)=O,150.0
N(C1=CC=CC=C1)C1=CC=C(NC2=CC=CC=C2)C=C1,146.0
NC(=O)CCl,120.0
CC(C)(C1=CC=C(O)C=C1)C1=CC=C(O)C=C1,154.0
OC1=C2C(=O)C3=CC=CC=C3C(=O)C2=C(O)C=C1,198.0
O=C1C(=O)C2=CC=CC3=C2C1=CC=C3,260.0
OC1=C(C=O)C=C(Br)C=C1Br,84.5
O=C1NC2=CC=CC=C2C1=O,202.0
BrCC(Br)C1=CC=CC=C1,73.5
CC(=O)CC(=O)C1=CC=CC=C1,57.5
CC1=CC2=C(N1)C=CC=C2,59.5
CC1=CC=C(Cl)C=C1N,24.5
ClS(=O)(=O)C1=CC=C(I)C=C1,83.5
CC(C)NC1=CC=C(NC2=CC=CC=C2)C=C1,75.5
CC(C)(O)CCC(C)(C)O,90.5
CCOC(=O)CCCCCCCCC(=O)OCC,3.5
[O-][N+](=O)C1=CC=CC(=C1)C(Cl)=O,34.5
C1=CC=C(C=C1)C1=CC=C(C=C1)C1=CC=C(C=C1)C1=CC=CC=C1,318.0
O=C(NNC1=CC=CC=C1)NNC1=CC=CC=C1,172.0
OC(=O)CC1=CC=C(F)C=C1,84.5
OC1=C(C=CC(F)=C1)[N+]([O-])=O,34.5
CC1=CC=C(O)C(O)=C1,66.5
C1COCOC1,-43.5
O=C1C=C(OC2=C1C=CC=C2)C1=CC=CC=C1,98.5
NC1=C(Cl)C(Cl)=C(Cl)C(Cl)=C1Cl,234.0
ClN=C1C=C(Br)C(=O)C(Br)=C1,81.5
NC1=CC2=C(C=C1)N=CC=C2,116.0
CC(=O)NC1=CC=CC(Cl)=C1,78.5
[O-][N+](=O)C1=CC=CC2=C1C=CC=C2[N+]([O-])=O,218.0
CNC(=O)C1=CC=CC=C1,80.5
CCCCC(N)=O,104.0
C1=CN(C=C1)C1=CC=CC=C1,60.5
CCCCCCCCCCCCCCCCCCCCCCCC,52.5
O=C1CCCCC1=O,38.5
CCCCP(=O)(CCCC)CCCC,65.5
CC1=CC=C2N=C(C)C=CC2=C1,58.5
COC1=CC=C2NC=CC2=C1,55.5
CC(=O)NN,65.5
CCCCCCCCC(C)O,-3.5
CS(=O)C1=CC=CC=C1,30.5
O=C1C2=CC=CC=C2CCC2=CC=CC=C12,31.5
C(OC1=CC=C2NC=CC2=C1)C1=CC=CC=C1,100.0
CC(=O)C1=CC(C)=CC=C1O,48.5
O1C(=CN=C1C1=CC=C(C=C1)C1=NC=C(O1)C1=CC=CC=C1)C1=CC=CC=C1,244.0
C=CC1=CC=C(C=C1)C1=CC=CC=C1,118.0
OC(=O)C1=CC(Cl)=C(O)C(Cl)=C1,266.0
NC1=C(C=C(C=C1Cl)[N+]([O-])=O)[N+]([O-])=O,156.0
OCC1=CC=CC2=CC=CC=C12,62.5
CCN1C(=O)C2=CC=CC=C2C1=O,77.5
CC(=O)NC1=CC=CC(=C1)[N+]([O-])=O,154.0
CCCCCCCCP(=O)(CCCCCCCC)CCCCCCCC,53.5
CCOC1=CC=CC=C1O,27.5
COC1=CC=C(N)C(=C1)[N+]([O-])=O,126.0
OC(=O)CC1=CC(F)=CC=C1,44.5
COC1=CC=C(C)C=C1OC,25.5
CCCCCCCCC#CCCCCCCCC(O)=O,46.5
COC1=CC=C(C=O)C(C(O)=O)=C1OC,148.0
CNC1=CC=CC=C1[N+]([O-])=O,36.5
OCCCCCCCCO,61.5
NNC1=C(F)C(F)=CC(F)=C1F,90.5
CC1=CC(Cl)=NC(Cl)=C1C#N,112.0
BrCC1=CC2=CC=CC=C2C=C1,54.5
O1C(=CC=C1C1=CC=CC=C1)C1=CC=CC=C1,89.5
C1=CC=C(C=C1)C1=CC=C2C=CC=CC2=N1,84.5
CC(=O)C1=CC=C(OCC(O)=O)C=C1,174.0
[O-][N+](=O)C1=CC=C(C=C1)N=C=S,110.0
OC(=O)C1=C(F)C=CC(F)=C1,132.0
NC(=O)C1=CC=C(C=C1)C#N,226.0
FC(F)(F)C1=CC=CC=C1CC#N,31.5
O=S(=O)(CC1=CC=CC=C1)C1=CC=CC=C1,148.0
NC1=CC(Br)=CC=C1Br,52.5
CC1=C(C)C(C)=C(Br)C(C)=C1C,164.0
O=CC1=NC2=CC=CC=C2C=C1,69.5
COC1=CC2=CC=C(OC)C=C2C=C1,152.0
CC(C(O)=O)(C1=CC=CC=C1)C1=CC=CC=C1,174.0
CCOC(=O)C1=CNN=C1N,104.0
CCCCCCCCCCCCCCC(C)O,45.5
CCOC1=CC=C2C=CC=CC2=C1C=O,114.0
CC(C)(C)C(=O)CC#N,69.5
CC1CNCC(C)O1,-86.5
N#CC1=CC=CC=C1C1=CC=CC=C1,39.5
O=C(OCC1=CC=CC=C1)C1=CC=CC=C1C(=O)OCC1=CC=CC=C1,42.5
C[C@H](CCC(O)=O)[C@H]1CC[C@H]2[C@@H]3[C@H](O)C[C@@H]4C[C@H](O)CC[C@]4(C)[C@H]3C[C@H](O)[C@]12C,200.0
O=C1CCCCCCCCCCCCCCO1,33.5
CCC(=O)C1=CC(F)=C(O)C(F)=C1,128.0
CC(=O)OC1=CC=C(C=C1)C1=CC=C(OC(C)=O)C=C1,162.0
NC1=C(Cl)C=CC(Cl)=C1C(O)=O,154.0
OCC=CCO,5.5
COC(=O)C1=CC=C(Cl)C(=C1)[N+]([O-])=O,81.5
OC(=O)\C=C\C1=CC=CC=C1[N+]([O-])=O,246.0
O=C\C=C\C1=CC=CO1,52.5
N#C\C=C\C1=CC=CC=C1,20.5
CC1=NN=C(S)S1,186.0
NC(=S)NS(=O)(=O)C1=CC=C(N)C=C1,180.0
NC1=CC(=C(O)C=C1)[N+]([O-])=O,128.0
NNC(=O)C1=CC=CC=C1[N+]([O-])=O,122.0
ON=C(C(O)C1=CC=CC=C1)C1=CC=CC=C1,152.0
ClC1=CC=C(C=C1)C(=O)\C=C\C1=CC=CC=C1,97.5
N[C@@H](CC1=CC(O)=CC=C1)C(O)=O,266.0
CC(=O)NC1=CC=C(C)C=C1,150.0
OC(=O)C(Cl)=C(Cl)Cl,74.5
OC(=O)C(F)(F)Cl,23.5
ClC(=O)CCC(Cl)=O,18.5
COC1=CC=C(C=C1)N=NC1=CC=CC=C1,54.5
OC(=O)CC1=CC=C(O)C=C1,150.0
OCC(O)=O,78.5
CCCCCCCCCCCCCCCCCC(O)=O,69.5
CC(Cl)(Cl)Cl,-31.5
IC(I)I,120.0
CC(C)(C)C(O)=O,34.5
O=C1C2=CC=CC=C2C2=C3C(C=CC=C13)=CC=C2,172.0
CC1=CC=C(Cl)C=C1[N+]([O-])=O,37.5
CC1=CC=C(C(C)=C1)[N+]([O-])=O,7.5
ClC(C1=CC=CC=C1)C1=CC=CC=C1,17.5
N1N=C2C=CC=CC2=N1,97.0
CC1=C(Cl)C=C(N)C=C1,24.5
NC1=CC(Cl)=CC=C1O,142.0
FC(F)(F)C1=CC=C(Cl)C=C1,-34.5
OC(=O)C1=CC=C(C=C1Cl)[N+]([O-])=O,140.0
N#CC1=CC=NC=C1,77.5
CC(=O)NC1=CC=C(Br)C=C1,168.0
C(COC1=CC=CC=C1)OC1=CC=CC=C1,96.5
ClCC1=CC=C(Cl)C=C1,29.5
ClC1=CC=C(Br)C=C1,66.5
CCCCCCCCCCCCCCCCCCO,59.5
CC1(C)N(Cl)C(=O)N(Cl)C1=O,134.0
C1CCCCCCC1,13.5
OC(=O)C1=CC(Cl)=CC=C1O,172.0
NC(=N)NC#N,210.0
CC1CCC2CC1C2(C)C,-51.5
C1C2=CC=CC=C2CC2=CC=CC=C12,110.0
COC1=CC=C(C=C1)C1=CC=CC=C1,89.5
OC(=O)CC1=CC=CC=C1O,148.0
NC1=CC=CC=C1I,56.5
OC1=C(Br)C=C(Br)C=C1,38.5
OC(=O)C1=CC=C(I)C=C1,272.0
BrC1=CC=C(C=C1)C#N,112.0
ClC1=CC=C(C=C1)C#N,93.5
CCCCCCCCCCCCCCCCCCCCCC,43.5
NC1=CC=C(Cl)C(=C1)[N+]([O-])=O,102.0
CCCCCCCCCCCCC(O)=O,43.0
OC(=O)C1=CC=C(O1)[N+]([O-])=O,186.0
NC1=CC=C(Cl)C=C1C(=O)C1=CC=CC=C1,97.5
COC1=CC=C2N=C(N)SC2=C1,164.0
[O-][N+](=O)C1=CC(=CC=C1)C1=CC=CC=C1,60.5
OC(=O)C1=C(Cl)C(=CC=C1)[N+]([O-])=O,182.0
NC1=CC(=CC=C1Cl)[N+]([O-])=O,120.0
OCC1=CC=CC=C1Cl,71.5
CC(C)C1=CC(=C(C)C=C1O)C1(OC(=O)C2=CC=CC=C12)C1=CC(C(C)C)=C(O)C=C1C,252.0
OC(=O)C1=CC=C(C=C1)C1=CC=CC=C1,226.0
COC1=CC=C(OC)C(C=O)=C1,50.5
COC1=CC(=O)C=C(OC)C1=O,254.0
COC1=CC=C(C=O)C(OC)=C1,70.5
COC1=CC=C(I)C=C1,51.5
FC(F)(F)C1=CC=C(C=C1)C(=O)C1=CC=CC=C1,116.0
OC(=O)C1=CC=CC=C1C1=CC=CC=C1,114.0
BrC1=CC=C(C=C1)C(=O)C1=CC=C(Br)C=C1,176.0
CC(=O)C1=CC=C(Cl)C(Cl)=C1,74.5
COC(=O)C1=CC=CC(O)=C1,72.5
COC1=CC=C2N=CC=C([C@@H](O)[C@@H]3C[C@@H]4CC[N@]3C[C@@H]4C=C)C2=C1,176.0
OC(=O)\C=C\C1=CC=CC(Br)=C1,178.0
O=C(\C=C\C1=CC=C2C=CC=CC2=C1)/C=C/C1=CC=C2C=CC=CC2=C1,244.0
OC(=O)CBr,48.5
OCCOCCOCCO,-5.5
CCC1=CC=CC=C1N,-45.5
ClC1=CC=C(I)C=C1,55.5
OC1=CC(Br)=CC=C1,31.5
CCCCCCC1=CC=C(O)C=C1O,66.5
CC1=CC(C)=NC(C)=C1,-44.5
NC1=CC=CC=C1Br,30.5
CC1=CC(C)=C(Br)C(C)=C1,0.5
CC(C)(C)C1=CC=C(Br)C=C1,17.5
NC1=CC=CC=C1C(O)=O,146.0
CCCC=O,-97.5
[O-][N+](=O)C1=CC=C(C=O)C=C1,106.0
CN1C(C)=NC=C1[N+]([O-])=O,138.0
C[C@]12CC(=O)[C@H]3[C@@H](CCC4=CC(=O)C=C[C@]34C)[C@@H]1CC[C@]2(O)C(=O)CO,236.0
OC(=O)C1=CC=C(Cl)C=C1,242.0
CI,-65.5
CCCCC1(CC)C(=O)NC(=O)NC1=O,127.0
OC(C1=CC=CC=C1)C1=CC=CC=C1,67.5
CC(=O)C1=CC=C2C=CC=CC2=C1,54.5
COC(=O)C1=CC=CC=C1,-13.5
CC1=CC=C(C=C1)S(Cl)(=O)=O,69.5
CCCCCCC(O)=O,-7.5
CCCCCCCCCC(C)=O,13.5
CCCCOCCCC,-96.5
CC(=O)NC1=CC=CC=C1O,206.0
COC(=O)OC,2.5
ICCI,81.5
[O-][N+](=O)C1=CC=C(I)C=C1,174.0
CC(=O)C1=CC=C(I)C=C1,84.5
OCCCCCCO,43.5
[O-][N+](=O)C1=CC=C(Cl)C(=C1)[N+]([O-])=O,51.5
CC1=CC(Cl)=C(C)C=C1Cl,69.5
OC1=CC=C(Cl)C=C1,42.5
O=C(CC1=CC=CC=C1)CC1=CC=CC=C1,33.5
[O-][N+](=O)C1=CC(Cl)=CC=C1,44.5
CC(=O)C1=CC=CC(=C1)[N+]([O-])=O,79.5
CCCC(O)=O,-6.5
OC1=CC=C(C=C1)[N+]([O-])=O,114.0
CCCOC(C)=O,-93.5
OC(=O)C1=CC=CC=C1Cl,140.0
CCCCCCCCCO,-5.5
O=C1C2=CC=CC=C2SC2=CC=CC=C12,210.0
C1=CC=C(C=C1)C#CC1=CC=CC=C1,61.5
OC(=O)C1CC1,17.0
CC1=CC(O)=CC(C)=C1,64.0
O=C(OCC1=CC=CC=C1)C1=CC=CC=C1,19.5
CC1=CC=C(C=C1)[N+]([O-])=O,52.5
OC(=O)CCC(O)=O,186.0
OC(C(=O)C1=CC=CC=C1)C1=CC=CC=C1,136.0
OC1=C(Cl)C=C(Cl)C=C1,43.5
OC1=CC=CC(Cl)=C1Cl,57.5
C1=CC=C2C(=C1)C=C1C=CC3=C4C(C=CC2=C14)=CC=C3,178.0
OC(=O)CC1=CC=CC=C1,77.5
C1=CC2=CC3=CC=CC=C3C=C2C=C1,216.0
C(=C/C1=CC=CC=C1)\C1=CC=CC=C1,124.0
CN1C=NC2=C1C(=O)N(C)C(=O)N2C,236.0
CCCC=C,-164.0
CCI,-110.0
CCCCCCOCCO,-43.5
CCCCCCCCCCCCCCCCCCN,54.5
CCC(C)=CC,-136.0
CC1=CC=CC=C1O,31.4
CCCCCCCCCCCC(=O)CCCCCCCCCCC,68.6
CCC(N)=O,79.7
CC1=CC=CC=N1,-68.3
CCCCC1CCCCC1,-76.3
CC1=CC=CC(C)=C1O,47.4
CC1=CC(=CC=C1)C(O)=O,110.0
CCCCCCCCCCCCI,-1.35
CC1=NS(=O)(=O)C2=CC(Cl)=CC=C2N1,329.0
NC(N)=O,134.0
ClC1=CC=CC=C1C=O,10.7
NC1=CC=C(Br)C=C1,64.7
CCC1(CCC(=O)NC1=O)C1=CC=CC=C1,85.8
OC(=O)C1=CC=CC=C1NC1=CC=CC=C1,185.0
CC1=CC=C(C=C1)S(=O)(=O)NC1CCCCC1,86.2
CC(C)CNCC(C)C,-75.2
COC,-140.0
OC(=O)C1=C(O)C(Cl)=CC(Cl)=C1,222.0
CN(C)C1=CC=C(C=C1)C(=O)C1=CC=CC=C1,90.8
COC1=CC=C(C(C)=O)C(O)=C1,50.8
NN1C=NN=C1,84.2
O=NC1=CC=CC=C1,66.8
CC(C)(O)C(O)=O,80.8
CN(C)C(N)=O,182.0
O=CC1=CC=CN1,44.8
C=CCN1C(=O)N(CC=C)C(=O)N(CC=C)C1=O,22.2
CC1=CC=C(O)C=C1Cl,53.8
OP(O)(=O)C1=CC=CC=C1,163.0
OC1(CCCCC1)C1=CC=CC=C1,61.8
OP(O)(=O)CP(O)(O)=O,201.0
CCCCCCCCCCCCCC=O,22.2
O=C=NC1=CC=C(C=C1)N=C=O,95.8
CCCCCCCCOC(=O)C1=CC(O)=C(O)C(O)=C1,101.0
CN(C=O)C1=CC=CC=C1,12.8
CCOC1=CC=C(C=O)C=C1OC,62.8
NC1=CC=CC2=C1C(N)=CC=C2,64.8
CCC1=NC(C)=CN1,48.8
ClC(=O)C(C1=CC=CC=C1)C1=CC=CC=C1,54.8
CC(=O)NC(=O)CN,140.0
CS(=O)(=O)C1=CC=C(C=C1)C(O)=O,271.0
C\C(=C\C(O)=O)C(O)=O,91.8
CCC\C=C\C(O)=O,34.8
CC(=O)NC1=CC=C(N)C=C1,165.0
ClC(=O)C1=CC=CC=C1C(Cl)=O,13.8
NC1=CN=CC=C1,62.8
NC1=C(Cl)C=C(Cl)C=C1Br,81.8
NC1=C(N)C=NC=C1,218.0
CCO[Si](OCC)(OCC)OCC,-84.2
OCC1=C(F)C(F)=C(F)C(F)=C1F,35.8
CC1=CC=C2NC=NC2=C1,114.0
CC1=CC=C(C=C1)C1=CC=CC=C1,47.8
CP(O)(O)=O,107.0
C(NC1=NC=NC2=C1NC=N2)C1=CC=CC=C1,231.0
CC1=CC=CNC1=O,140.0
NNC(=O)NN,156.0
FC(F)(F)C1=CC=C(CC#N)C=C1,46.8
NCCCCCO,36.8
[O-][N+](=O)C1=CC(Br)=CC=C1Br,83.8
CC(N)=S,114.0
C[C@H](O)CN,23.2
OC1=CC=CC=C1C=NC1=CC=CC=C1,49.2
OC(=O)C1=CC=CO1,132.0
COC1=CC=C(Br)C=C1,11.8
NC1=CC=C(C=C1[N+]([O-])=O)[N+]([O-])=O,178.0
BrCCCCBr,-18.2
OC(=O)CC1=CC=C(Cl)C=C1,105.0
OC(=O)C1=CC(Cl)=CC=C1Cl,154.0
COC(=O)C1=CC=CC=C1C(=O)OC,3.75
CC1=CC(N)=C(C)C=C1,13.8
CC1=CC=C(Br)C=C1,26.8
COC1=CC=CC(C=O)=C1O,42.8
[O-][N+](=O)C1=CC=C(Cl)C=C1Cl,32.2
OC1=C(Cl)C=C(Cl)C(Cl)=C1,67.2
OC1=CC=C(F)C=C1,46.2
CC1=C2C=CC=CC2=CC2=CC=CC=C12,79.8
C[C@]12CC(=O)[C@H]3[C@@H](CCC4=CC(=O)CC[C@]34C)[C@@H]1CC[C@]2(O)C(=O)CO,224.0
CC1=CC=CC(O)=C1C,73.2
ClC1=CC(Cl)=C(Cl)C(Cl)=C1,53.2
NC(=O)C1=CC=CC=C1,128.0
CC1=C(C)C(C)=C(C)C(C)=C1C,166.0
COC(=O)C1=CC=C(N)C=C1,112.0
OC1=C(Cl)C=CC=C1Cl,66.8
CCOC1=CC=C(NC(C)=O)C=C1,136.0
CCCCOC(=O)C1=CC=C(O)C=C1,70.2
OCCN1CCOCC1,0.2
CC(C)C1CCC(C)CC1,-88.1
OC(=O)CCCCCCCCC(O)=O,133.0
OC1=CC(F)=CC=C1,11.8
CCC(C)(CO)CO,42.1
CC(C)CC(O)=O,-31.1
OC1CCCC1,-18.1
C[C@]12CC[C@H]3[C@@H](CCC4=C3C=CC(O)=C4)[C@@H]1CCC2=O,257.0
FC(F)(F)CC(F)(F)F,-96.1
COC(=O)C1=CC=C(C)C=C1,35.1
COC1=CC=CC=C1CC#N,67.9
NC1=CC=C2C=C3C=CC=CC3=CC2=C1,237.0
ClC1=C(Cl)C(Cl)=C(Cl)C(Cl)=C1Cl,230.0
[O-][N+](=O)NC1=NCCN1CC1=CN=C(Cl)C=C1,142.0
CCCCCCCC(=O)OCC,-45.0
FC(C(F)(F)F)C(F)(F)F,-129.0
C1=CC=C(C=C1)C1=CC=C(C=C1)C1=CC=CC=C1,212.0
OC1=CC=C(Br)C=C1,64.5
NCCC(O)=O,198.0
CCCC(N)C(O)=O,305.0
NCCC1=CNC2=CC=CC=C12,116.0
COC1=CC=C(NC(C)=O)C=C1,129.0
CCCCC(CC)COP(=O)(OCC(CC)CCCC)OCC(CC)CCCC,-72.0
O=C1NC(=O)C2=CC=CC=C12,236.0
CN(C)C1=CC=C(C=C1)C(=O)C1=CC=C(C=C1)N(C)C,177.0
CCN(CC)C1=CC=C2C(C)=CC(=O)OC2=C1,72.0
OC(=O)C1=CC2=C(OCO2)C=C1,231.0
CC1=CC(=CC(C)=C1)C(C)(C)C,-20.0
OC1=CC=C(NCC2=CC=CC=C2)C=C1,86.0
C1CCNCC1,-9.0
ClC1=C(Cl)C2(Cl)C3C(C(=O)OC3=O)C1(Cl)C2(Cl)Cl,235.0
NC1=NC2=CC=CC=C2S1,130.0
C1=CC2=C(C=C1)C1=CC3=C(C=CC=C3)C3=C1C2=CC=C3,166.0
NNC(=O)NC1=CC=CC=C1,126.0
CC(C)C(C)(C)O,-12.0
ClCC1=CC=CC=C1Cl,-15.0
OC1=CC=C(C=C1Cl)[N+]([O-])=O,108.0
OC1=C(C=O)C2=CC=CC=C2C=C1,81.0
CC1=CC=C(C=C1)P(C1=CC=C(C)C=C1)C1=CC=C(C)C=C1,147.0
NC1=CC=C(C=C1C(=O)C1=CC=CC=C1)[N+]([O-])=O,165.0
OCC1=CC(OC2=CC=CC=C2)=CC=C1,8.0
OCC(CO)(CO)COCC(CO)(CO)CO,219.0
OC(=O)CC=C,-37.0
OC1=C(C=O)C=C(C=C1)[N+]([O-])=O,127.0
OC(=O)C(F)(F)C(F)(F)C(O)=O,117.0
CC(=O)N[C@@H](CC1=CC=C(O)C=C1)C(O)=O,151.0
OC(=O)C1=CC(O)=C(C=C1)[N+]([O-])=O,232.0
[O-][N+](=O)C1=CC=C(OC(=O)C2=CC=CC=C2)C=C1,141.0
O=C1CCCCCCCCC1,26.0
CC1=CC(C)=C(C)C(Br)=C1C,58.0
OCC1=C(O)C=CC(Br)=C1,111.0
COC1=CC=CC=C1C(=O)C1=CC=CC=C1,39.0
COC(=O)C1=CC(Cl)=CC=C1O,48.0
CCN(C(C)C)C(C)C,-48.0
C[Si](C)(C)C#C[Si](C)(C)C,24.0
OC1=CC2=C(C=C1)C=C(O)C=C2,222.0
N(\C=N\C1=CC=CC=C1)C1=CC=CC=C1,140.0
CCOC(=O)C(O)(C1=CC=CC=C1)C1=CC=CC=C1,32.0
O=CC1=CC=CC=C1C#N,106.0
O[C@@H]([C@@H]1C[C@@H]2CC[N@]1C[C@@H]2C=C)C1=C2C=CC=CC2=NC=C1,202.0
OC(=O)CC1=CC=C(C=C1)C(F)(F)F,82.0
OC(=O)\C=C\C1=CC=CC=C1C(F)(F)F,204.0
CC12CCC3C(CCC4CC(CCC34C)OCC3=CC=CC=C3)C1CCC2=O,218.0
O=C(OCC1=CC=CC=C1)\C=C\C1=CC=CC=C1,37.0
COC1=CC=C(C=C1)C1=CC(=O)C2=C(O)C(OC)=C(O)C=C2O1,223.0
NC1=CC=C(C=CC2=CC=C(C=C2)[N+]([O-])=O)C(=C1)[N+]([O-])=O,200.0
OC[C@@H](O)[C@H]1O[C@@H]2O[C@@H](O[C@@H]2[C@H]1O)C(Cl)(Cl)Cl,185.0
FC(F)(F)C(=O)C(F)(F)F,-127.0
CC1=CC=CC=C1CCl,0.0
OC1=CC=C(NC2=CC=CC=C2)C=C1,71.0
CC1=CC=NC(C)=C1,-62.0
CCN(CC)C1=CC=C(Br)C=C1,36.0
CC(C)(C)CO,52.0
CCC(C)(C)O,-10.0
ClC1=CC=CC2=C1C(=O)C1=CC=CC=C1C2=O,161.0
NC1=CC=CC2=C1C(=O)C1=CC=CC=C1C2=O,252.0
CC(C)C1=CC(Cl)=C(C)C=C1O,61.0
CC1=CC=CC=C1CO,37.0
O=C1CCN(N1)C1=CC=CC=C1,124.0
CN(C)C1=CC=CC(O)=C1,84.0
CC1=CC(=CC(C)=C1)[N+]([O-])=O,73.0
O=C(OC1=CC=CC=C1)OC1=CC=CC=C1,81.0
CC(C)CC(C)C,-121.0
CCCCCCCCCCC=O,-2.0
ClC(=O)C1=CC=C(Cl)C=C1,14.0
C1CCOCC1,-47.0
CCCCCCCCCCN,15.0
OC(=O)C(S)C(S)C(O)=O,195.0
OC1=C(I)C=C(C=C1I)[N+]([O-])=O,155.0
FC1=C2C=CC=CC2=CC=C1,-11.0
CC(C)(C)Br,-18.0
CN=C=S,34.0
CC(C)(C)C1=CC=CC(O)=C1,43.0
CC(=O)CCC(O)=O,31.0
CCCCCC(C)C,-107.0
OC1=C(Br)C(Br)=C(Br)C(Br)=C1Br,228.0
CC(C)(O)C1=CC=CC=C1,34.0
[O-][N+](=O)C1=CC=C(C=C1)C#N,147.0
CC1=CC(=CC=C1)C#N,-25.0
OC1=CC=C(OC2=CC=CC=C2)C=C1,82.0
CC(=O)C1=CC=CO1,31.0
CC1=CC(Cl)=CC=C1O,49.0
N#CC1=CC=C(C=C1)C1=CC=C(C=C1)C#N,236.0
OC(=O)C1=CC=CC(=C1)C#N,221.0
CC1(C)OC(=O)CC(=O)O1,96.0
CC1=CC=C(C=C1)C(N)=O,161.0
CC1=CC(Cl)=NC2=C1C=CC=C2,57.0
CC(=O)OC1=CC=C(OC(C)=O)C=C1,123.0
NC1=CC=CC=C1C#N,49.0
CC(=O)NC1=CC=C(C=O)C=C1,158.0
CCCCCCCCC(=O)CC,11.0
COC1=CC=C(C=NC2=CC=CC=C2)C=C1,63.0
CN(C)C1=CC=C(\C=N\C2=CC=CC=C2)C=C1,98.0
C1CCCC=CCC1,-14.0
COC1=CC=C(\C=C\C(=O)C2=CC=CC=C2)C=C1,77.0
C1CNCCN1,108.0
CCOCCOCCO,-78.0
COCCOCCOC,-66.0
OC1=CC=CC(C=O)=C1,106.0
ClCCOC1=CC=CC=C1,26.0
COC1=CC=CC=C1O,30.0
OC(=O)CCCC1=CC=CC=C1,50.0
O=C1C(=O)C2=CC=CC=C2C2=CC=CC=C12,208.0
CC1=CC=CC(C)=C1N,10.0
CC(C)CC(C)=O,-82.0
CCCCCCN,-21.0
OCC(CO)(CO)CO,260.0
C1C2=CC=CC=C2C2=CC3=CC=CC=C3C=C12,210.0
COC1=CC=CC(=C1)C(O)=O,105.0
CC1=C(C=CC=C1[N+]([O-])=O)[N+]([O-])=O,64.0
[O-][N+](=O)C1=CC=CC=C1CCl,49.0
COC1=C(Cl)C(Cl)=C(Cl)C(Cl)=C1,86.0
CC(=O)NC1=CC=C(C=C1)C(O)=O,258.0
CC(=O)C1=CC(=CC=C1)C(C)=O,34.0
[O-][N+](=O)C1=CC=C(OC2=C(C=C(C=C2)C(F)(F)F)[N+]([O-])=O)C=C1,92.0
CCC1=CC=C(O)C=C1,45.0
[O-][N+](=O)C1=CC=CC=C1I,52.0
OC1=CC=CC=C1C1=CC=CC=C1,58.0
ClC(Cl)(Cl)C1=CC=CC=C1,-6.0
OCC=CC1=CC=CC=C1,32.0
COC1=CC=C(OC)C=C1,58.0
N1C2=CC=CC=C2C2=CC=CC=C12,245.0
O=C(OC1=CC=CC=C1)C1=CC=CC=C1,69.0
CN(C)C(=O)NC1=CC=C(Cl)C=C1,172.0
BrC1=CC(Br)=C(Br)C=C1Br,180.0
NC1=CC=C(C=C1)[N+]([O-])=O,148.0
C1=CC=C2C(C=CC3=CC4=C(C=CC5=CC=CC=C45)C=C23)=C1,268.0
OC(=O)C1=CC=CC=C1Br,148.0
OC1=CC(=CC=C1)[N+]([O-])=O,96.0
OC(=O)C1=CC=C(Br)C=C1,254.0
NS(=O)(=O)C1=C(Cl)C=C(NCC2=CC=CO2)C(=C1)C(O)=O,206.0
[O-][N+](=O)C1=CC(Cl)=C(Cl)C=C1,41.0
C(CC1=CC=CC=C1)C1=CC=CC=C1,53.0
N1C2=CC=CC=C2SC2=CC=CC=C12,186.0
COC(=O)C1=CC=C(O)C=C1,129.0
CCOC(=O)C1=CC=C(N)C=C1,90.0
C=CC=C,-111.0
CC#N,-45.9
CCCCOCCO,-76.9
CCCCCCCCCCCCCCCCCO,55.9
CC1=CC=CC(C=C)=C1,-84.2
CC(O)(C#C)C1=CC=CC=C1,50.1
CC1=CC=CC=C1C(O)=O,106.0
BrCCCCCCBr,-0.15
IC1=CC(I)=CC=C1,38.2
OCCCCO,18.2
CC1CCC(C)C1C,-114.0
OCC(Br)(CO)[N+]([O-])=O,129.0
O=C(CCC(=O)OCC1=CC=CC=C1)OCC1=CC=CC=C1,47.2
COC1=CC=C(C(=O)C2=CC=C(OC)C=C2O)C(O)=C1,137.0
OC(=O)C1=C(O)C(I)=CC(I)=C1,233.0
FC1=CC=C(C=C1)C(=O)C1=CC=C(F)C=C1,106.0
OC(=O)C1=CC=CC=C1C1=CC=CC=C1C(O)=O,231.0
OC(=O)C1=CC=CC=C1C1=C2C=C(Br)C(=O)C(Br)=C2OC2=C(Br)C(O)=C(Br)C=C12,298.0
CCCCCCCCCCCCCCCC(=O)OCC(COC(=O)CCCCCCCCCCCCCCC)OC(=O)CCCCCCCCCCCCCCC,64.2
OCCCCCCCO,20.2
CC1(C)C2CCC(C)(C2)C1O,45.8
CC(=O)N1CCOCC1,12.2
CCCCCCCCCCCCCCCCC#C,24.8
O=C1C=CC(=O)C2C3CC(C=C3)C12,75.2
CCOC(=O)C(NC=O)C(=O)OCC,50.8
SC1=NC=CN1,227.0
COC(=O)[C@@H]1[C@H]2CC[C@@H](C[C@@H]1OC(=O)C1=CC=CC=C1)N2C,95.8
CC(C)(Br)C(O)=O,46.2
OC(=O)C(Cl)Br,29.2
CN(C)C1=CC=C(CC2=CC=C(C=C2)N(C)C)C=C1,89.2
CN(C)CC(O)=O,183.0
OC(=O)CCCCCCCC(O)=O,104.0
N1C2=CC=CC=C2N=C1C1=CSC=N1,300.0
CC1CNC(C)CN1,116.0
NC1=C(Cl)C=C(Cl)C=C1Cl,76.2
OP(O)(=O)CCCl,72.2
OC1C2=CC=CC=C2OC2=CC=CC=C12,125.0
COC1=CC=C2N=CC=C([C@H](O)[C@H]3C[C@@H]4CC[N@]3C[C@@H]4C=C)C2=C1,172.0
CC(C)(N)CO,27.8
COC1=CC=CC(OC)=C1OC,46.2
OC1=CC=C(O)C=C1,173.0
OC1=CC=CC=C1C#N,95.8
OCCCl,-65.2
CC\N=C1/N\C(NC(Cl)=N1)=N\C(C)C,175.0
CC1=CC(NS(=O)(=O)C2=CC=C(N)C=C2)=NO1,169.0
OC1=CC=CC=C1I,40.8
C1=CC2=C3C(=C1)C1=CC=CC4=C1C(=CC=C4)C3=CC=C2,276.0
C1C2=CC=CC=C2C2=CC=CC=C12,114.0
CC=O,-126.0
CC(C)(C)C(O)C(OC1=CC=C(Cl)C=C1)N1C=NC=N1,136.0
FC1=CC=C(Cl)C=C1,-24.4
OC1=CC=NC=C1,147.0
ClCCOCCCl,-49.5
FC(F)F,-158.0
OC1CCCCC1,23.5
OC1=C(Br)C=C(Br)C2=C1N=CC=C2,198.0
CCCC(C)C1(CC=C)C(=O)NC(=O)NC1=O,97.5
N[C@@H](CC1=CNC=N1)C(O)=O,284.0
CC(C)(C)OO,-5.5
COS(=O)(=O)OC,-29.5
CC1=CC=C2C(=O)C3=CC=CC=C3C(=O)C2=C1,174.0
OC(=O)CC1=C(Cl)C(Cl)=CC=C1Cl,158.0
ClS(=O)(=O)C1=CC2=CC=CC=C2C=C1,78.5
OC(=O)COCC(O)=O,146.0
CCCCCCCCCCCCN(C)C,-17.5
OC(=O)C1=CC(=CC=C1)C(O)=O,344.0
CC(=O)NC1=CC=CC(F)=C1,85.5
O=C(CC1=CC=CC=C1)C1=CC=CC=C1,57.5
OCC1=CC2=C(OCO2)C=C1,55.5
CC1=CC=CC=C1C(N)=O,144.0
OC(=O)C1=CC2=C(C=C1)C(=O)OC2=O,164.0
CC(C)C(Br)C(O)=O,41.5
NC1=CC=CC2=C1N=CC=C2,67.5
[O-][N+](=O)C1=C2C=CC=CC2=CC2=CC=CC=C12,144.0
[O-][N+](=O)C1=CC=CC2=C1C(=O)NC2=O,216.0
O=C1C=C(OC2=C1C=CC1=CC=CC=C21)C1=CC=CC=C1,156.0
O=C1CC2=CC=CC=C2C1,56.5
CC1=CNC=N1,53.5
CCCCP(CCCC)CCCC,-62.5
OC1=CC2=C(CCCC2)C=C1,59.5
CC1=CC2=C(C=CC=C2)C=N1,65.5
ClC1=CC=C(SSC2=CC=C(Cl)C=C2)C=C1,70.5
OC1=CC2=C(CCC2)C=C1,55.5
CC(=O)C1=CC2=C(O1)C=CC=C2,73.5
OC1=CC2=C(C=C1)C1(OC(=O)C3=CC=CC=C13)C1=CC=C(O)C=C1O2,318.0
CC1OC1C,-82.5
OC(=O)C1=CC=C(CBr)C=C1,228.0
OC(=O)COC1=CC=C(Cl)C=C1,162.0
NC1=C2C(=O)C3=CC=CC=C3C(=O)C2=C(N)C=C1,266.0
CC1=CC(C)=C(Br)C(C)=C1NC(=O)CN(CC(O)=O)CC(O)=O,196.0
ClC(=O)CCC1=CC=CC=C1,-4.5
CC1(C)N(CO)C(=O)NC1=O,102.0
C1CN2CCCC3=C2C(C1)=CC=C3,37.5
FC1=C(F)C(=O)C(F)=C(F)C1=O,182.0
NC1=NC=NC=C1,152.0
CCNC(=O)C(=O)NCC,178.0
BrC1=CC(=CC=C1)C(=O)C1=CC=CC=C1,78.5
CN1C(=O)CCC1=O,68.5
OC(=O)CCCCCC1=CC=CC=C1,20.5
CC1=CC(N)=C2C=CC=CC2=N1,166.0
COC1=CC=C(OC)C(C)=C1,17.5
CO[C@@H]1O[C@H](CO)[C@H](O)[C@H](O)[C@H]1O,174.0
ClC(Cl)(Cl)OC(=O)OC(Cl)(Cl)Cl,81.5
IC1=CC=C(CC#N)C=C1,50.5
O[C@@H]([C@H](O)C(O)=O)C(O)=O,170.0
COC(=O)CS(=O)(=O)C1=CC=CC=C1,32.5
NC(=O)C1=CC=C(C=C1)C1=CC=CC=C1,226.0
NC(=S)NC1=CC=CC=C1,152.0
CN1N=NN=C1S,124.0
O=C(C=C1CC2=CC=CC=C12)C1=CC=CC=C1,52.5
CCOC(=O)C1=CC=CC(=C1)[N+]([O-])=O,44.5
NC(CC(O)=O)C(O)=O,272.0
ClC1=CC2=C(C=C1)N(C1CCN(CCCN3C(=O)NC4=CC=CC=C34)CC1)C(=O)N2,240.0
CCC1(C(C)C)C(=O)NC(=O)NC1=O,200.0
OC(=O)CC1=CC=CC2=CC=CC=C12,132.0
OC1=CC=C(C=C1)C1=CC=C(O)C=C1,280.0
CCOC(=O)CCl,-23.5
COCC(C)O,-97.5
CCCCCCC(C)=O,-18.5
CCCCCCCN,-20.5
CCCCCCCCCCCCCCCCCCCCCC(O)=O,78.5
C[Si]1(C)O[Si](C)(C)O[Si](C)(C)O1,62.5
BrC1=CC=C2C=CC=CC2=C1,56.5
NC(=O)C1=CC=C(Cl)C=C1,176.0
CC(=O)C1=CNC2=C1C=CC=C2,192.0
C1=CC=C(C=C1)C1=C2C=CC=CC2=C(C2=CC=CC=C2)C2=CC=CC=C12,248.0
ClC1=CC=CC(Cl)=C1Br,63.5
ClC1=CC(C=O)=CC(Cl)=C1,65.5
COC(=O)C1=CC=C(C=C1)C#N,64.5
CC1=CC(O)=CC=C1Br,61.5
CCOC(=O)C1=CC(C)=NN1,84.5
SC1=NC2=CC=CC=C2N1,298.0
[O-][N+](=O)C1=CC=C(O1)\C=N\N1CC(=O)NC1=O,266.0
NC(=O)C1=CC=CC=C1N,110.0
NCCNCCN,-37.5
CC1=CC=C(O)C(C)=C1,24.5
CCCCC(CC)COC(=O)C1=CC=CC=C1C(=O)OCC(CC)CCCC,-52.5
CC1=CC(=O)C2=CC=CC=C2C1=O,104.0
C[C@]12C[C@H](O)[C@H]3[C@@H](CCC4=CC(=O)C=C[C@]34C)[C@@H]1CC[C@]2(O)C(=O)CO,238.0
[O-][N+](=O)C1=CC=CC2=CC=CC=C12,59.5
CCCC(=O)OCC,-95.5
C1CCC2=CC=CC=C2C1,-33.5
CC(C)(C1=CC=CC=C1)C1=CC=C(O)C=C1,72.5
OCC1=CC=C(Cl)C=C1,72.5
[O-][N+](=O)C1=CC(C=C)=CC=C1,-7.5
CC(C)(CO)CO,128.0
OC(=O)C1=CC(=CC=C1O)C1=CC=C(F)C=C1F,213.0
CC(C=CC=C(C)C=CC1=C(C)CCCC1(C)C)=CC=CC=C(C)C=CC=C(C)C=CC1=C(C)CCCC1(C)C,180.0
OC(=O)C1=CC=C(C=C1)[N+]([O-])=O,240.0
O=C1N(C2CCC(=O)NC2=O)C(=O)C2=CC=CC=C12,272.0
C[C@]12CC[C@H]3[C@@H](CCC4=C3C=CC(O)=C4)[C@@H]1CC[C@@H]2O,176.0
OC1=C(Cl)C=C(Cl)C=C1Cl,67.5
NC1=CC=CC=C1C(F)(F)F,-31.5
CCOC(=O)C1=CC=C(O)C=C1,116.0
CCC(C)=CC,-137.0
